ID,Gender,Age_Group,Age,Marital_Status,Race,Religion,Tenure,Highest_Education,G1,G2,G3,G4,G5,G6,I1,I2,I3,I4,I5,I6,I7,I8,I9,I10,I11,I12,I13,I14,I15,I16,I17,I18,I19,J1,J2,J3,J4,J5,J6,J7,J8,J9,J10,J11,J12,J13,J14,J15,J16,J17,J18,P_Complete_Task,P_Avoid_Dist,PRESENTEEISM,JobDemand_Workload,JobDemand_Emo,JobDemand_Cog,JOB_DEMAND,JobInsecurity_Imp,JobInsecurity_Prob,JOB_INSECURITY,Level_Presenteesim,Level_JobDemand,Level_JobInsecurity
A1,1,2.00,28,2,1,1,2,4,2,3,2,3,4,3,2,3,2,2,3,3,3,3,3,3,3,3,2,2,2,3,2,3,2,3,3,3,2,3,4,3,3,3,3,4,3,4,3,4,3,4,3,10,7,17,12,20,17,49,27,31,58,Medium,Medium,Medium
A2,2,1.00,25,2,1,1,2,3,5,3,3,3,3,3,4,4,2,2,1,3,1,2,1,3,1,4,1,2,1,1,1,3,1,4,5,5,5,4,5,5,5,5,3,3,4,4,4,4,4,2,2,9,11,20,13,18,7,38,43,30,73,Medium,Low,High
A3,1,2.00,28,2,1,1,2,3,3,5,2,5,4,1,4,4,4,4,4,2,1,3,1,3,1,3,1,2,1,3,1,2,3,5,5,3,5,5,5,5,5,5,5,5,5,5,5,5,5,5,5,10,10,20,20,18,9,47,43,45,88,Medium,Medium,High
A4,2,2.00,30,2,1,1,3,3,4,4,4,4,4,3,4,4,3,3,3,3,2,2,2,3,2,4,2,3,2,3,2,2,1,4,4,3,4,4,4,5,5,3,3,3,2,5,5,2,1,3,1,11,12,23,17,20,13,50,36,25,61,Medium,Medium,Medium
A5,2,2.00,33,2,1,1,2,3,5,5,5,5,5,5,3,3,4,1,2,2,3,2,4,4,4,1,3,4,4,4,4,2,3,1,1,5,1,1,1,1,1,1,1,1,1,3,3,3,3,3,3,15,15,30,13,19,25,57,13,21,34,High,Medium,Low
A6,1,2.00,29,2,1,1,2,3,3,3,4,4,4,4,4,4,1,1,1,4,4,4,3,3,3,3,3,3,3,3,3,3,3,4,4,4,4,4,4,4,4,4,4,4,4,4,4,4,4,4,4,11,11,22,11,23,22,56,36,36,72,Medium,Medium,High
A7,2,2.00,30,1,1,1,3,3,3,3,3,3,3,3,3,3,2,2,2,4,2,4,1,1,1,4,1,1,1,1,2,4,1,4,4,4,4,4,4,1,1,1,3,3,3,3,3,3,3,3,3,9,9,18,12,19,9,40,27,27,54,Medium,Medium,Medium
A8,2,1.00,27,1,1,1,2,3,5,4,2,5,4,4,4,4,4,4,4,3,1,2,1,3,1,3,1,1,1,1,1,2,1,4,3,4,4,4,5,4,4,4,4,4,4,4,4,4,4,4,4,12,12,24,20,15,7,42,36,36,72,High,Medium,High
A9,1,2.00,29,1,1,1,2,3,3,3,3,3,3,3,3,3,2,4,4,2,2,2,1,1,3,1,1,1,1,1,1,1,1,4,4,3,4,4,5,1,5,5,2,2,3,4,5,1,4,1,1,9,9,18,16,9,10,35,35,23,58,Medium,Low,Medium
A10,2,2.00,28,1,1,1,2,3,2,2,2,2,2,3,4,4,3,3,3,4,4,4,4,3,4,3,4,4,4,3,3,3,4,3,4,5,4,4,3,3,4,4,4,4,4,4,4,4,3,4,4,7,6,13,17,24,27,68,34,35,69,Low,High,High
A11,1,2.00,32,1,2,3,2,4,5,5,5,5,5,5,4,4,4,1,4,1,1,1,1,1,1,4,1,1,1,1,1,1,1,1,1,5,5,5,1,1,1,1,1,1,1,5,5,1,1,1,1,15,15,30,17,10,7,34,21,17,38,High,Low,Low
A12,1,1.00,27,1,1,1,2,3,4,3,3,3,3,3,4,4,4,4,4,1,1,1,1,1,1,2,1,1,1,1,1,1,1,4,4,4,4,4,5,4,4,5,1,1,1,1,3,1,1,1,1,9,10,19,20,8,7,35,38,11,49,Medium,Low,Medium
A13,2,2.00,28,1,1,1,2,3,4,4,4,4,4,4,4,4,4,3,3,3,1,3,1,3,2,3,2,2,2,2,2,3,2,1,2,3,4,4,1,2,2,2,2,2,2,2,2,2,2,2,2,12,12,24,18,19,12,49,21,18,39,High,Medium,Low
A14,2,2.00,30,2,1,1,2,3,4,4,4,4,4,3,4,4,1,2,2,3,2,2,1,3,1,2,2,1,1,2,1,2,1,5,4,4,4,4,5,3,4,4,3,3,3,3,3,3,3,3,3,11,12,23,13,15,9,37,37,27,64,Medium,Low,Medium
A15,1,2.00,32,2,1,1,2,3,4,4,4,3,3,3,4,4,3,2,4,1,2,1,2,3,2,3,2,1,1,1,2,2,2,3,3,3,3,3,2,1,3,3,3,3,1,5,5,3,2,2,2,10,11,21,17,12,13,42,24,26,50,Medium,Medium,Medium
A16,2,2.00,30,2,1,1,2,3,4,4,4,5,5,4,3,3,2,2,3,3,2,3,2,3,2,3,2,3,2,3,2,4,2,5,5,3,5,4,5,5,5,5,2,2,4,4,4,4,4,4,4,13,13,26,13,22,14,49,42,32,74,High,Medium,High
A17,2,1.00,26,1,1,1,2,3,5,4,2,5,4,4,3,3,3,3,4,4,1,2,1,3,1,3,1,2,1,3,1,3,1,5,5,5,5,5,5,5,5,5,2,2,2,4,4,2,4,1,2,12,12,24,16,20,7,43,45,23,68,High,Medium,High
A18,2,2.00,29,2,1,1,3,3,4,4,3,4,4,4,4,4,3,2,3,3,3,3,3,3,3,3,3,3,3,3,3,3,3,5,5,5,5,5,5,5,5,5,2,2,2,5,5,2,3,2,2,12,11,23,16,21,21,58,45,25,70,Medium,Medium,High
A19,2,2.00,31,2,1,1,2,3,4,4,4,2,5,5,2,3,4,2,1,4,3,3,2,2,2,3,1,4,1,3,3,2,4,3,4,4,5,5,2,4,3,3,4,1,2,5,5,2,3,2,4,14,10,24,12,21,16,49,33,28,61,High,Medium,Medium
A20,2,2.00,31,1,1,1,2,4,5,5,5,5,5,4,3,4,3,3,1,2,3,2,3,3,3,1,4,3,4,4,3,1,4,4,4,5,5,5,5,3,5,4,1,2,4,5,5,1,3,1,2,14,15,29,14,16,24,54,40,24,64,High,Medium,Medium
A21,1,2.00,28,2,1,1,2,3,4,4,2,4,4,4,4,4,3,3,4,3,1,1,2,3,1,3,1,3,1,2,1,3,1,4,4,3,4,4,5,2,5,5,4,4,4,4,4,3,3,3,3,12,10,22,18,18,8,44,36,32,68,Medium,Medium,High
A22,2,1.00,27,2,1,1,2,4,5,4,1,2,3,3,3,3,4,4,4,1,1,1,2,4,1,2,1,1,1,1,1,1,1,5,1,5,5,5,5,1,1,5,2,4,1,3,4,2,5,2,2,10,8,18,18,11,8,37,33,25,58,Medium,Low,Medium
A23,2,2.00,28,1,1,1,2,3,4,4,4,4,3,4,3,3,3,2,3,3,2,2,3,2,3,2,3,2,3,2,3,2,3,4,4,4,4,4,5,4,4,4,2,2,4,4,4,2,4,2,2,11,12,23,14,15,20,49,37,26,63,Medium,Medium,Medium
A24,2,2.00,30,2,1,1,2,4,4,5,5,5,5,4,2,3,4,4,1,1,3,1,4,4,4,4,2,4,4,2,4,4,4,1,1,5,5,5,1,1,1,1,1,1,1,5,5,1,1,1,1,14,14,28,14,20,25,59,21,17,38,High,High,Low
A25,2,2.00,28,2,1,1,2,3,2,3,3,3,3,3,4,4,4,2,4,3,1,4,1,1,1,3,1,4,1,2,1,2,1,4,4,4,4,4,5,5,5,5,2,2,3,5,4,1,1,1,1,9,8,17,18,19,7,44,40,20,60,Medium,Medium,Medium
A26,2,2.00,29,2,1,1,2,3,2,4,2,2,4,4,4,4,3,3,3,3,1,1,1,3,3,3,3,3,3,2,2,2,1,4,4,4,4,4,5,4,5,5,4,2,1,4,5,2,4,1,2,12,6,18,17,17,14,48,39,25,64,Medium,Medium,Medium
A27,2,2.00,29,1,1,1,2,4,4,4,4,3,4,4,4,4,4,3,3,2,1,3,1,1,2,2,1,2,1,2,1,2,1,5,5,5,5,5,5,5,5,5,1,4,3,4,4,1,3,1,4,12,11,23,18,14,8,40,45,25,70,Medium,Medium,High
A28,2,2.00,30,1,1,1,2,4,4,4,4,4,4,4,3,3,3,2,3,3,3,3,3,2,2,2,2,2,2,2,2,3,2,5,5,5,5,5,5,5,5,5,3,3,3,3,5,3,3,3,3,12,12,24,14,17,16,47,45,29,74,High,Medium,High
A29,2,2.00,32,2,1,1,2,3,3,4,3,4,3,3,3,3,2,2,4,3,2,2,2,3,2,3,2,3,2,3,2,3,2,4,4,5,4,4,4,3,4,4,4,4,4,4,4,4,4,4,4,10,10,20,14,20,14,48,36,36,72,Medium,Medium,High
A30,2,2.00,29,1,1,1,2,3,4,4,3,3,4,4,4,4,4,2,3,1,1,2,1,1,1,3,1,2,1,2,1,3,1,4,4,4,5,5,4,4,4,4,3,3,3,4,4,3,4,3,3,12,10,22,17,14,7,38,38,30,68,Medium,Low,High
A31,2,2.00,28,2,1,1,2,3,5,5,5,5,5,4,3,3,4,2,4,3,2,4,2,4,2,4,2,3,1,2,1,4,2,5,5,4,2,2,5,4,5,5,1,4,4,4,5,2,1,1,1,14,15,29,16,24,12,52,37,23,60,High,Medium,Medium
A32,2,2.00,29,2,1,1,2,4,4,4,3,4,4,4,4,4,2,1,2,3,2,3,1,3,1,1,3,1,3,2,3,1,4,4,4,3,5,4,5,5,5,4,1,1,1,4,4,1,1,1,1,12,11,23,13,14,17,44,39,15,54,Medium,Medium,Medium
A33,2,2.00,29,2,1,1,2,3,5,4,4,4,4,4,3,3,4,2,2,3,2,2,2,2,2,2,2,2,2,2,2,4,2,4,4,2,3,4,3,4,2,2,2,2,5,4,3,4,1,4,4,12,13,25,14,17,14,45,28,29,57,High,Medium,Medium
A34,2,2.00,31,2,1,1,2,3,4,4,2,4,5,4,4,4,4,2,4,4,4,2,4,2,4,2,4,4,4,4,4,2,4,5,4,4,5,5,5,2,2,2,2,2,3,4,5,2,2,2,2,13,10,23,18,20,28,66,34,24,58,Medium,High,Medium
A35,2,2.00,29,1,1,1,2,4,5,2,2,2,4,4,4,4,4,4,4,1,1,1,1,1,1,3,1,1,1,1,1,1,1,2,2,4,4,4,5,4,5,5,1,2,4,5,5,1,5,1,1,10,9,19,20,9,7,36,35,25,60,Medium,Low,Medium
A36,2,2.00,29,2,1,1,2,3,3,4,3,3,4,3,3,3,3,2,3,3,3,3,2,2,2,4,2,3,2,3,3,4,3,3,3,4,3,3,3,3,3,3,1,1,3,5,4,1,2,1,1,11,9,20,14,22,17,53,28,19,47,Medium,Medium,Medium
A37,2,2.00,30,1,1,1,2,4,4,4,4,4,4,4,3,3,3,2,2,3,2,2,2,3,3,3,3,3,3,3,3,3,3,3,3,4,4,4,3,3,3,3,2,2,2,4,4,2,2,2,2,12,12,24,13,20,19,52,30,22,52,High,Medium,Medium
A38,2,2.00,28,2,1,1,2,3,4,3,3,3,3,3,4,4,4,1,3,3,4,2,3,2,4,2,4,4,4,2,3,2,3,2,2,2,2,3,3,4,4,3,2,2,4,4,4,2,2,2,2,9,10,19,16,17,25,58,25,24,49,Medium,Medium,Medium
A39,2,2.00,29,2,1,1,2,3,5,4,4,4,4,4,4,4,4,3,2,1,1,2,1,2,2,3,1,2,2,1,1,2,1,4,4,4,4,4,4,4,4,4,4,4,4,4,4,4,4,4,4,12,13,25,17,13,9,39,36,36,72,High,Medium,High
A40,2,2.00,30,2,1,1,2,3,4,4,4,4,4,4,3,3,3,3,3,3,3,3,3,3,3,2,3,3,3,3,3,2,3,5,5,5,5,5,5,5,5,5,2,2,2,3,4,2,2,2,2,12,12,24,15,19,21,55,45,21,66,High,Medium,Medium
A41,2,1.00,26,1,1,1,2,3,4,4,4,4,4,3,3,3,2,2,2,3,3,4,3,3,3,3,3,3,3,3,3,3,3,4,4,4,4,4,4,4,4,4,5,5,5,5,5,5,5,5,5,11,12,23,12,22,21,55,36,45,81,Medium,Medium,High
A42,2,2.00,29,1,1,1,2,3,4,4,2,3,3,3,4,4,3,2,2,3,2,3,2,3,2,3,2,3,2,2,2,3,2,4,4,4,4,4,4,4,4,4,4,4,4,4,4,4,4,4,4,10,9,19,15,20,14,49,36,36,72,Medium,Medium,High
A43,1,2.00,28,2,1,1,2,3,5,4,4,4,4,4,3,3,3,2,3,3,3,2,3,3,3,2,3,3,3,3,3,3,3,3,4,2,4,4,3,1,1,1,1,3,1,4,4,1,1,1,1,12,13,25,14,19,21,54,23,17,40,High,Medium,Low
A44,2,1.00,27,2,1,1,2,3,4,4,4,4,4,4,3,3,4,2,2,2,2,2,2,2,2,2,2,2,2,2,2,2,2,3,3,4,3,3,3,3,3,3,3,3,3,3,3,3,3,3,3,12,12,24,14,14,14,42,28,27,55,High,Medium,Medium
A45,1,1.00,27,1,2,3,2,3,4,4,2,4,4,4,4,4,3,2,2,3,1,1,1,3,2,2,2,2,2,2,2,1,1,4,4,4,5,5,5,4,5,5,5,5,5,5,5,5,4,5,5,12,10,22,15,14,11,40,41,44,85,Medium,Medium,High
A46,1,1.00,27,1,1,1,2,3,4,1,5,5,1,1,4,4,4,4,4,3,4,4,4,4,4,3,4,4,4,4,4,3,4,5,5,4,5,5,5,5,5,5,3,3,3,4,4,3,4,3,3,3,14,17,20,25,28,73,44,30,74,Medium,High,High
A47,1,2.00,29,2,1,1,2,3,4,4,4,4,4,4,3,3,2,2,3,3,3,3,3,3,3,3,3,3,3,3,3,3,3,5,5,5,5,5,5,4,4,4,2,3,3,3,4,2,2,2,2,12,12,24,13,21,21,55,42,23,65,High,Medium,Medium
A48,1,2.00,31,2,1,1,2,4,4,4,2,3,2,2,4,4,4,2,2,2,3,3,3,2,2,4,2,2,1,4,2,2,4,4,4,3,2,3,4,4,3,2,4,2,3,4,4,3,4,4,5,8,9,17,16,19,17,52,29,33,62,Medium,Medium,Medium
A49,2,1.00,25,2,1,1,1,3,4,4,2,4,3,4,3,3,3,2,3,3,3,3,2,2,2,3,2,3,3,2,2,3,3,3,3,5,3,3,3,3,3,3,2,3,3,4,4,2,2,2,2,11,10,21,14,19,17,50,29,24,53,Medium,Medium,Medium
A50,2,2.00,29,1,1,1,2,3,5,5,5,5,5,5,4,4,4,4,4,3,1,1,4,2,1,4,1,1,1,1,1,1,1,1,2,5,5,5,5,5,5,5,1,1,1,5,5,1,1,1,1,15,15,30,20,13,10,43,38,17,55,High,Medium,Medium
A51,2,1.00,26,1,3,4,1,3,2,4,4,4,4,4,3,4,3,2,2,2,4,3,3,2,3,1,3,3,3,1,3,1,4,4,4,4,4,4,4,4,4,4,2,2,2,4,5,2,5,2,5,12,10,22,14,13,23,50,36,29,65,Medium,Medium,Medium
A52,1,2.00,34,2,1,1,2,4,5,3,1,2,3,3,3,3,4,3,3,3,1,2,2,1,2,3,1,1,1,2,1,3,1,4,4,5,5,4,5,5,5,5,1,1,2,4,4,1,1,1,1,9,8,17,16,15,9,40,42,16,58,Medium,Medium,Medium
A53,2,2.00,28,2,1,1,2,3,3,5,5,5,4,4,4,4,4,4,1,1,1,3,1,3,1,3,1,1,1,1,1,2,2,5,5,4,4,5,3,4,1,3,1,1,3,4,4,1,3,1,1,13,13,26,17,14,8,39,34,19,53,High,Medium,Medium
A54,1,2.00,28,1,3,4,2,3,5,2,5,4,2,2,4,4,4,3,3,1,1,1,1,2,2,2,2,1,1,3,2,2,1,4,4,3,4,3,4,3,4,3,1,1,3,4,4,1,4,1,1,6,14,20,18,12,10,40,32,20,52,Medium,Medium,Medium
A55,1,2.00,29,1,1,1,2,4,4,5,1,5,5,5,4,4,4,3,4,4,4,4,4,4,4,3,4,4,4,4,4,4,4,5,5,5,5,5,5,1,5,5,5,5,5,5,5,5,5,5,5,15,10,25,19,27,28,74,41,45,86,High,High,High
A56,1,2.00,30,2,1,1,2,4,5,4,2,4,4,4,4,4,4,3,3,2,4,1,3,4,3,1,3,4,4,3,3,1,4,5,2,5,4,4,5,5,5,5,2,5,1,5,5,2,5,2,2,12,11,23,18,16,24,58,40,29,69,Medium,Medium,High
A57,1,2.00,29,2,1,1,2,3,5,5,5,5,2,4,4,4,1,2,3,3,2,4,1,4,1,4,1,1,1,1,2,3,1,5,5,5,5,5,5,5,5,5,2,2,4,5,5,4,4,4,4,11,15,26,14,20,9,43,45,34,79,High,Medium,High
A58,2,2.00,29,1,1,1,2,3,2,3,3,2,3,3,4,4,3,3,3,2,2,2,2,3,2,4,2,3,2,3,2,2,2,3,3,3,3,4,4,4,4,4,2,3,3,4,3,3,2,1,2,9,7,16,17,19,14,50,32,23,55,Medium,Medium,Medium
A59,2,2.00,29,1,1,1,1,3,3,3,3,4,3,3,3,3,3,3,3,2,3,2,4,3,3,1,3,3,3,3,3,2,4,2,2,3,3,3,2,2,2,2,2,3,3,3,3,2,3,3,3,9,10,19,15,16,23,54,21,25,46,Medium,Medium,Medium
A60,2,2.00,29,2,1,1,2,3,4,4,3,4,4,3,3,3,4,2,3,3,1,4,1,3,1,3,1,3,1,2,1,3,2,3,4,5,4,4,3,3,3,3,2,3,3,4,4,3,2,3,3,11,11,22,15,21,8,44,32,27,59,Medium,Medium,Medium
A61,1,2.00,28,1,1,1,2,3,5,4,3,5,3,3,4,4,3,2,4,2,1,1,1,1,1,4,2,1,1,1,1,3,1,5,5,3,5,5,5,1,3,3,3,3,3,4,5,3,1,3,3,10,13,23,17,13,8,38,35,28,63,Medium,Low,Medium
A62,2,2.00,29,2,1,1,2,3,3,4,2,2,4,4,3,3,4,3,4,1,1,1,2,3,2,3,2,1,2,1,1,2,1,2,4,3,5,5,1,4,1,1,1,4,4,4,4,1,2,1,1,12,7,19,17,12,11,40,26,22,48,Medium,Medium,Medium
A63,2,2.00,29,2,1,1,2,3,5,4,5,5,4,4,4,4,3,2,3,3,1,3,1,4,1,4,1,3,1,2,1,4,1,3,3,4,3,3,3,4,3,3,3,3,3,4,4,3,3,3,2,12,15,27,16,23,7,46,29,28,57,High,Medium,Medium
A64,2,2.00,30,1,1,1,2,3,3,3,2,3,3,3,4,4,3,3,3,3,2,2,2,3,2,3,2,2,2,2,2,2,2,4,4,4,4,4,4,4,4,4,4,4,4,4,4,4,4,4,4,9,8,17,17,17,14,48,36,36,72,Medium,Medium,High
A65,2,1.00,27,1,1,1,2,3,4,4,5,5,4,4,3,3,4,3,3,3,2,2,2,3,1,4,2,3,2,3,2,2,2,4,4,4,4,4,4,4,4,4,2,2,2,2,4,2,4,2,2,12,14,26,16,20,13,49,36,22,58,High,Medium,Medium
A66,2,1.00,27,1,1,1,2,3,4,4,4,4,4,4,4,4,3,2,2,3,1,3,1,2,1,4,1,1,1,1,1,3,1,4,4,4,3,3,5,4,4,4,1,1,2,4,4,1,1,1,1,12,12,24,15,17,7,39,35,16,51,High,Medium,Medium
A67,2,2.00,30,2,1,1,2,3,4,4,4,4,4,4,3,3,3,3,3,3,2,3,2,3,2,3,2,2,2,2,2,2,2,4,4,4,4,4,4,4,4,4,3,3,3,3,3,3,3,3,3,12,12,24,15,18,14,47,36,27,63,High,Medium,Medium
A68,2,1.00,25,1,1,1,1,3,2,4,3,3,2,2,4,3,4,4,4,2,1,2,1,2,1,2,2,2,1,3,1,2,1,5,5,5,5,5,5,5,5,5,2,1,1,4,4,2,2,1,1,8,8,16,19,15,8,42,45,18,63,Medium,Medium,Medium
A69,2,2.00,29,2,1,1,2,3,5,5,5,5,5,5,4,4,4,1,1,1,4,1,4,4,4,1,4,4,3,4,4,1,4,1,1,5,5,5,1,1,1,1,1,1,1,5,5,1,1,1,1,15,15,30,14,16,27,57,21,17,38,High,Medium,Low
A70,2,1.00,27,1,1,1,2,4,3,3,2,3,3,4,4,4,2,2,3,3,4,3,4,2,3,2,3,3,3,2,4,4,4,3,4,4,4,4,3,4,3,3,4,4,4,5,5,3,4,3,3,10,8,18,15,19,25,59,32,35,67,Medium,High,Medium
A71,2,2.00,28,2,1,1,2,4,4,4,4,4,4,3,4,4,3,2,2,3,3,3,3,3,3,3,3,3,3,3,3,3,3,3,3,3,3,3,3,3,3,3,3,3,3,3,3,3,3,3,3,11,12,23,15,21,21,57,27,27,54,Medium,Medium,Medium
A72,2,1.00,27,2,1,1,2,4,4,4,2,4,4,3,4,4,3,3,3,2,2,2,2,3,2,3,2,2,2,2,2,2,2,5,5,4,4,4,4,4,4,4,2,2,2,4,4,2,2,2,2,11,10,21,17,16,14,47,38,22,60,Medium,Medium,Medium
A73,2,1.00,25,1,1,1,2,3,4,4,2,4,4,4,4,3,3,3,2,3,2,4,2,3,2,4,2,3,2,3,2,4,3,4,4,4,4,4,5,4,5,4,4,4,5,4,4,2,2,2,3,12,10,22,15,24,15,54,38,30,68,Medium,Medium,High
A74,2,1.00,25,2,1,1,2,3,3,3,2,3,4,3,3,3,3,3,3,2,1,3,1,3,1,4,1,1,1,4,1,4,2,3,3,5,5,5,3,3,3,3,3,3,3,5,5,3,3,3,3,10,8,18,15,21,8,44,33,31,64,Medium,Medium,Medium
A75,2,2.00,30,2,1,1,2,3,4,4,4,4,2,4,4,4,1,1,1,4,4,3,4,3,4,2,4,4,3,3,4,3,4,3,2,4,4,4,1,4,2,2,2,3,3,4,4,2,3,2,2,10,12,22,11,22,27,60,26,25,51,Medium,High,Medium
A76,1,1.00,27,1,1,1,2,3,4,5,4,4,5,5,3,3,4,4,4,1,1,1,1,4,2,4,2,1,1,1,3,1,1,1,2,5,4,4,5,5,5,5,1,2,2,2,2,1,2,1,1,15,12,27,18,13,11,42,36,14,50,High,Medium,Medium
A77,2,2.00,29,2,1,1,2,3,4,4,2,4,4,4,3,3,4,2,4,3,1,2,1,2,2,4,1,2,1,2,2,3,1,4,4,5,4,4,4,4,4,4,2,2,3,4,4,2,2,2,2,12,10,22,16,18,9,43,37,23,60,Medium,Medium,Medium
A78,1,1.00,25,1,1,1,2,3,4,4,4,4,5,4,4,4,3,3,3,1,1,1,1,2,1,3,1,1,1,2,1,2,2,5,5,4,5,5,5,1,1,1,1,1,1,5,5,1,1,1,1,13,12,25,17,12,8,37,32,17,49,High,Low,Medium
A79,2,2.00,29,2,1,1,2,3,2,2,2,2,2,2,3,3,3,2,3,3,2,2,4,2,3,2,2,2,2,2,1,3,1,4,4,5,5,5,5,5,5,5,2,2,4,5,5,1,1,1,1,6,6,12,14,16,15,45,43,22,65,Low,Medium,Medium
A80,2,1.00,27,1,1,1,2,3,4,4,2,3,3,3,3,3,3,2,3,3,2,3,2,2,2,2,2,2,2,2,2,3,2,3,3,4,3,3,3,3,3,3,2,2,2,3,3,2,2,2,2,10,9,19,14,17,14,45,28,20,48,Medium,Medium,Medium
A81,1,2.00,32,1,4,1,2,3,1,4,2,3,3,3,3,3,2,2,2,3,3,3,3,3,3,3,2,3,3,3,3,3,4,4,4,4,4,4,4,3,3,4,2,2,3,3,4,3,3,2,2,10,6,16,12,21,21,54,34,24,58,Medium,Medium,Medium
A82,1,2.00,28,1,1,1,2,4,5,2,5,5,4,3,4,4,3,2,3,3,2,3,1,2,2,2,2,2,1,3,2,3,1,5,5,4,5,3,5,3,5,5,5,5,5,5,5,5,5,5,5,9,15,24,16,18,11,45,40,45,85,High,Medium,High
A83,2,1.00,27,1,1,1,2,3,4,4,3,4,4,3,3,3,3,2,3,3,2,3,1,3,2,3,1,2,2,2,1,2,1,4,4,5,5,5,4,4,4,4,2,2,4,3,4,2,4,2,1,11,11,22,14,18,10,42,39,24,63,Medium,Medium,Medium
A84,2,2.00,31,1,1,1,2,3,2,4,3,3,4,4,3,3,3,3,3,3,1,3,1,2,1,3,3,4,2,3,2,3,1,3,3,4,4,4,3,3,3,3,3,3,3,3,3,3,3,3,3,12,8,20,15,21,11,47,30,27,57,Medium,Medium,Medium
A85,1,2.00,29,1,1,1,2,3,4,2,2,2,4,4,3,3,2,2,2,3,2,3,2,3,2,3,1,3,1,1,2,4,1,4,4,4,4,2,4,4,4,4,2,2,2,2,4,2,2,2,2,10,8,18,12,20,11,43,34,20,54,Medium,Medium,Medium
A86,1,1.00,27,1,1,1,2,3,4,4,3,5,5,4,3,4,4,3,4,3,1,2,1,1,1,1,1,1,2,1,1,1,1,3,4,2,5,4,5,3,4,4,3,4,4,5,5,3,2,4,4,13,12,25,18,10,8,36,34,34,68,High,Low,High
A87,1,2.00,29,2,1,1,2,4,5,4,5,5,4,4,4,4,4,2,2,1,1,1,1,2,2,3,2,2,2,2,2,2,2,5,5,5,5,5,5,5,5,5,2,2,2,4,5,2,2,2,2,12,15,27,16,13,12,41,45,23,68,High,Medium,High
A88,1,1.00,27,2,1,1,2,3,5,4,2,4,4,4,3,3,4,3,1,4,1,3,3,4,2,4,3,4,2,3,2,4,3,5,3,5,5,5,5,3,5,5,2,4,2,5,5,3,1,1,2,12,11,23,14,26,16,56,41,25,66,Medium,Medium,Medium
A89,2,2.00,29,1,1,1,2,3,5,5,2,5,5,5,4,4,4,3,1,4,1,1,4,4,4,4,4,4,4,4,4,4,4,5,2,2,5,5,1,1,1,1,5,5,5,5,4,4,5,1,3,15,12,27,16,25,25,66,23,37,60,High,High,Medium
A90,2,2.00,30,2,1,1,2,3,5,4,4,4,4,4,3,3,3,3,3,4,2,4,2,4,2,4,2,4,2,4,2,4,2,4,4,5,4,4,5,4,5,4,2,2,3,4,4,1,2,2,2,12,13,25,15,28,14,57,39,22,61,High,Medium,Medium
A91,2,2.00,29,2,1,1,2,3,2,4,3,3,4,2,3,3,4,3,4,2,1,1,1,3,1,3,2,1,2,2,2,2,1,5,5,4,5,5,5,4,5,5,4,4,3,2,4,2,3,2,2,10,8,18,17,14,10,41,43,26,69,Medium,Medium,High
A92,2,1.00,27,2,1,1,2,4,4,4,4,4,4,4,3,3,2,2,2,3,3,4,2,2,2,4,2,2,2,4,2,4,2,3,3,4,3,3,1,3,3,3,2,2,2,5,5,3,3,4,2,12,12,24,12,23,15,50,26,28,54,High,Medium,Medium
A93,2,2.00,29,1,2,3,2,3,4,4,4,4,4,4,3,3,3,3,3,3,2,3,1,3,3,4,3,3,3,3,3,3,2,3,3,4,3,3,3,3,3,3,2,2,3,4,4,2,3,2,2,12,12,24,15,22,17,54,28,24,52,High,Medium,Medium
A94,1,2.00,30,1,1,1,2,3,3,4,3,1,5,4,4,4,1,2,2,3,2,3,3,2,3,2,3,4,2,3,3,4,2,5,4,4,3,4,3,4,3,4,3,3,3,3,3,2,3,3,3,13,7,20,13,21,18,52,34,26,60,Medium,Medium,Medium
A95,1,2.00,29,1,2,3,2,3,5,4,3,4,3,3,4,4,4,4,3,2,1,2,1,3,1,3,1,2,2,3,1,2,1,5,3,5,4,4,5,4,4,3,2,2,5,1,1,3,3,2,1,10,12,22,19,17,8,44,37,20,57,Medium,Medium,Medium
A96,2,2.00,30,1,1,1,2,3,4,4,4,4,4,5,3,3,2,2,2,4,1,4,4,3,2,4,2,3,1,1,1,4,1,4,4,4,4,4,4,4,4,4,1,1,1,3,4,1,1,1,1,13,12,25,12,23,12,47,36,14,50,High,Medium,Medium
A97,1,2.00,28,1,1,1,2,3,5,4,2,5,2,4,4,3,3,2,4,1,1,2,1,1,1,3,3,1,2,1,1,2,1,5,4,4,4,4,5,2,5,4,2,2,4,2,2,2,2,1,2,10,12,22,16,11,10,37,37,19,56,Medium,Low,Medium
A98,2,2.00,33,2,1,1,2,3,2,4,4,4,4,3,3,3,4,3,3,3,1,1,1,3,1,3,1,1,1,1,1,3,2,3,3,5,3,5,3,4,3,3,3,3,4,4,3,2,4,1,1,11,10,21,16,15,8,39,32,25,57,Medium,Medium,Medium
A99,2,2.00,30,1,1,1,2,3,4,4,4,4,4,4,4,4,3,3,3,3,1,1,2,3,1,3,2,2,2,3,2,3,1,5,5,4,4,4,3,4,3,3,2,2,2,4,4,2,3,1,2,12,12,24,17,18,11,46,35,22,57,High,Medium,Medium
A100,2,2.00,29,1,2,3,2,3,3,4,4,4,4,4,3,3,3,3,3,2,3,2,3,3,3,2,3,2,3,3,3,3,2,4,4,5,3,3,4,4,3,3,4,4,4,4,3,3,2,3,3,12,11,23,15,17,20,52,33,30,63,Medium,Medium,Medium
A101,1,2.00,28,1,2,3,2,3,4,4,4,4,4,4,3,3,3,2,3,3,3,3,2,2,2,2,2,2,2,2,2,2,2,4,4,4,4,4,4,4,4,4,4,4,2,4,4,4,4,4,4,12,12,24,14,16,15,45,36,34,70,High,Medium,High
A102,2,2.00,30,1,1,1,2,3,2,5,4,4,4,4,4,4,4,1,1,3,1,1,1,2,1,3,1,3,1,3,3,1,1,4,4,4,4,5,5,4,5,5,3,4,4,4,4,4,4,4,5,13,10,23,14,16,9,39,40,36,76,Medium,Medium,High
A103,2,2.00,28,2,1,1,2,3,4,4,2,4,4,4,3,3,3,2,3,3,1,3,2,2,2,3,2,3,2,2,2,3,2,4,4,4,4,4,5,3,4,4,1,2,3,4,5,1,4,1,2,12,10,22,14,19,13,46,36,23,59,Medium,Medium,Medium
A104,2,2.00,29,1,1,1,2,3,5,4,3,4,4,4,3,3,4,2,2,3,1,4,1,2,3,4,2,4,2,3,2,4,3,4,4,4,4,4,4,2,2,2,4,4,2,5,5,1,1,1,1,12,12,24,14,24,14,52,30,24,54,High,Medium,Medium
A105,1,1.00,26,1,1,1,2,3,5,4,3,4,4,4,4,4,4,3,4,4,1,3,1,3,1,4,1,1,1,1,1,3,1,5,5,3,5,5,5,4,5,5,4,4,3,4,4,4,1,4,4,12,12,24,19,19,7,45,42,32,74,High,Medium,High
A106,2,2.00,29,2,1,1,2,3,4,4,4,4,4,4,3,3,3,2,3,3,3,3,2,3,3,3,3,3,3,3,3,4,1,4,4,4,4,4,4,4,4,4,4,4,2,4,4,4,4,4,4,12,12,24,14,22,18,54,36,34,70,High,Medium,High
A107,2,2.00,31,1,1,1,2,4,5,4,1,4,4,3,4,4,3,2,2,1,2,3,1,3,1,4,1,2,1,3,1,4,1,4,3,4,5,5,2,3,4,5,1,2,2,2,5,1,2,1,1,11,10,21,15,20,8,43,35,17,52,Medium,Medium,Medium
A108,2,1.00,27,1,1,1,2,4,5,1,5,5,5,5,4,4,1,4,3,1,1,1,1,1,1,1,1,2,1,1,1,1,1,4,5,5,4,4,1,5,5,5,1,1,5,4,4,3,1,1,4,11,15,26,16,8,7,31,38,24,62,High,Low,Medium
A109,2,2.00,29,1,2,3,2,3,5,5,4,4,2,4,3,3,2,2,2,3,2,4,2,3,1,4,1,1,1,1,1,3,1,2,2,5,4,4,3,4,3,3,1,1,2,4,4,1,2,1,1,11,13,24,12,19,9,40,30,17,47,High,Medium,Medium
A110,2,2.00,30,2,1,1,2,3,5,4,5,4,4,5,4,4,4,4,4,3,1,3,1,3,2,3,1,3,1,3,1,3,1,5,5,4,5,5,5,4,5,5,1,1,1,4,5,1,4,1,1,13,14,27,20,21,8,49,43,19,62,High,Medium,Medium
A111,1,2.00,30,1,1,1,2,4,3,4,3,4,4,3,3,3,4,3,4,3,3,3,3,3,3,3,3,3,3,3,3,3,3,4,3,4,3,4,1,4,5,4,4,4,4,4,4,4,4,4,3,11,10,21,17,21,21,59,32,35,67,Medium,High,Medium
A112,2,1.00,27,1,1,1,2,3,4,4,4,4,4,4,3,3,3,3,3,3,2,2,3,4,3,4,1,3,3,3,2,3,2,4,4,3,5,5,5,3,3,3,2,2,2,5,5,2,2,2,2,12,12,24,15,22,16,53,35,24,59,High,Medium,Medium
A113,2,1.00,27,2,1,1,2,3,4,2,1,3,2,2,4,4,3,2,3,2,1,2,1,3,1,2,1,1,1,1,1,3,1,4,4,4,4,4,3,4,4,4,2,2,3,4,4,2,3,2,2,6,8,14,16,14,7,37,35,24,59,Low,Low,Medium
A114,1,2.00,29,2,1,1,2,3,5,2,4,4,3,2,3,3,4,2,3,3,3,3,2,2,2,3,2,3,2,2,2,2,2,4,4,4,4,4,4,3,4,4,4,4,4,4,4,4,3,4,4,7,13,20,15,18,15,48,35,35,70,Medium,Medium,High
A115,1,1.00,27,1,2,3,2,3,4,3,2,4,4,4,3,4,4,3,3,2,1,2,1,2,1,3,1,3,1,2,1,3,2,3,3,4,4,4,4,3,3,3,3,4,4,4,4,3,3,2,3,11,10,21,17,17,8,42,31,30,61,Medium,Medium,Medium
A116,2,2.00,28,2,1,1,2,3,4,3,3,3,4,4,4,3,2,2,2,2,3,3,3,3,3,3,3,4,4,4,3,3,3,4,4,3,3,3,3,4,4,4,4,4,4,3,4,4,4,4,3,11,10,21,13,22,22,57,32,34,66,Medium,Medium,Medium
A117,2,2.00,31,1,1,1,2,4,5,5,5,5,5,5,1,1,4,4,4,1,4,1,4,4,3,1,1,1,1,4,4,1,1,1,1,1,1,1,1,1,1,1,2,1,1,5,5,2,2,2,2,15,15,30,14,13,18,45,9,22,31,High,Medium,Low
A118,2,1.00,26,2,1,1,2,3,4,3,2,3,3,2,3,3,3,2,2,3,1,3,1,3,1,4,1,4,1,1,1,4,1,5,5,3,5,5,5,5,5,5,1,1,1,4,1,1,1,1,1,8,9,17,13,22,7,42,43,12,55,Medium,Medium,Medium
A119,1,1.00,26,1,1,1,2,3,5,1,3,4,4,3,4,4,3,1,1,3,4,2,3,2,3,2,3,2,3,3,3,1,3,2,2,2,4,4,5,2,4,4,4,4,4,4,4,4,4,4,3,8,12,20,13,15,22,50,29,35,64,Medium,Medium,Medium
A120,2,2.00,31,2,1,1,2,3,4,4,4,4,4,5,3,3,4,4,4,3,3,3,3,3,3,1,3,3,3,3,3,2,3,2,2,4,2,2,4,4,4,4,2,2,4,4,4,2,2,2,2,13,12,25,18,18,21,57,28,24,52,High,Medium,Medium
A121,1,2.00,28,1,1,1,2,3,5,4,5,2,4,1,4,3,4,3,3,3,2,4,1,4,1,4,2,2,1,2,1,3,2,5,5,5,5,5,5,5,5,5,1,2,5,3,2,1,1,1,1,9,12,21,17,22,10,49,45,17,62,Medium,Medium,Medium
A122,2,2.00,28,2,1,1,2,3,4,4,3,4,4,4,4,4,4,2,4,4,4,2,4,3,4,2,3,3,4,4,4,3,3,4,4,5,4,4,4,4,4,4,4,3,4,3,3,4,4,4,3,12,11,23,18,21,26,65,37,32,69,Medium,High,High
A123,1,2.00,28,2,1,1,2,3,5,5,2,4,5,5,4,4,4,3,4,2,1,3,1,3,1,4,1,1,1,2,2,4,2,4,4,3,5,5,5,1,4,4,5,5,1,5,5,5,1,5,5,15,11,26,19,19,9,47,35,37,72,High,Medium,High
A124,2,2.00,28,1,1,1,2,3,4,3,2,4,3,3,4,4,2,2,2,3,1,4,1,4,1,4,1,2,1,2,2,4,1,4,4,4,4,4,4,4,4,4,2,2,3,4,4,1,2,1,2,9,10,19,14,23,8,45,36,21,57,Medium,Medium,Medium
A125,2,1.00,27,1,2,2,2,3,4,4,3,5,4,4,3,3,2,3,3,2,2,2,2,2,2,3,2,2,2,2,2,2,2,3,4,5,5,5,3,4,3,3,4,4,4,4,4,4,4,4,4,12,12,24,14,15,14,43,35,36,71,High,Medium,High
A126,2,2.00,31,1,1,1,2,3,3,3,3,3,3,3,3,3,3,3,3,3,3,3,3,3,3,3,3,3,3,3,3,3,3,3,3,3,3,3,3,3,3,3,3,3,3,3,3,3,3,3,3,9,9,18,15,21,21,57,27,27,54,Medium,Medium,Medium
A127,1,1.00,25,2,1,1,1,3,4,4,2,4,4,3,3,3,3,2,3,3,2,3,2,4,2,4,2,4,2,2,2,4,2,4,4,3,4,4,5,4,5,4,3,3,3,4,4,4,4,4,4,11,10,21,14,24,14,52,37,33,70,Medium,Medium,High
A128,2,1.00,25,1,1,1,2,3,4,4,3,4,4,3,3,3,3,2,2,3,2,4,2,4,2,4,2,3,2,3,2,3,2,4,4,4,4,4,4,4,4,4,2,2,2,4,4,2,2,2,2,11,11,22,13,24,14,51,36,22,58,Medium,Medium,Medium
A129,2,1.00,25,1,1,1,2,3,4,4,2,4,3,3,3,3,3,2,3,3,3,3,3,2,3,2,3,3,3,3,2,2,3,2,2,3,2,2,2,2,2,2,2,2,2,3,2,2,2,2,2,10,10,20,14,18,20,52,19,19,38,Medium,Medium,Low
A130,1,2.00,33,2,4,2,2,3,5,5,4,5,5,5,4,4,4,2,2,4,1,1,1,3,1,1,1,1,1,1,1,2,1,4,4,4,4,4,4,3,3,3,1,1,1,1,3,1,1,1,1,15,14,29,16,13,7,36,33,11,44,High,Low,Medium
A131,2,1.00,26,1,2,3,2,3,4,4,2,3,4,4,2,2,3,3,3,3,3,2,2,2,2,2,2,2,2,2,2,2,2,4,3,3,3,3,3,3,3,3,2,2,2,4,4,2,4,2,4,12,9,21,13,15,15,43,28,26,54,Medium,Medium,Medium
A132,2,2.00,30,1,1,1,3,3,5,5,2,4,4,3,4,4,4,2,4,1,1,1,1,3,1,3,2,1,1,2,1,2,1,5,5,5,5,5,5,5,5,5,2,4,1,4,5,1,3,1,1,12,11,23,18,13,8,39,45,22,67,Medium,Medium,Medium
A133,2,2.00,29,2,1,1,2,3,4,3,2,3,4,4,4,4,2,2,3,3,2,3,1,2,2,2,3,1,1,1,1,1,2,4,4,3,4,4,5,4,4,4,2,4,4,4,4,4,2,4,4,11,9,20,15,13,12,40,36,32,68,Medium,Medium,High
A134,2,1.00,27,1,4,5,2,4,4,2,3,4,2,2,4,3,4,3,2,2,2,3,2,3,1,4,1,1,1,2,1,2,1,4,4,5,4,4,1,2,1,1,2,2,4,4,4,1,1,1,1,6,11,17,16,17,9,42,26,20,46,Medium,Medium,Medium
A135,1,2.00,36,1,1,1,2,3,5,3,2,3,2,3,3,2,2,2,4,1,1,1,1,3,2,1,1,2,1,1,2,1,1,5,3,2,3,3,5,7,7,7,1,4,3,3,4,1,1,1,1,8,10,18,13,10,9,32,42,19,61,Medium,Low,Medium
A136,2,2.00,30,2,3,4,2,3,5,5,4,5,4,3,4,4,4,4,3,3,1,3,1,1,1,3,1,2,1,1,1,3,1,5,5,5,5,5,5,5,5,5,1,1,4,5,5,1,5,1,1,12,14,26,19,16,7,42,45,24,69,High,Medium,High
A137,2,2.00,30,1,1,1,2,3,4,4,3,4,3,3,3,3,3,2,3,3,2,3,2,4,2,3,3,3,2,2,2,3,3,4,4,4,4,4,4,4,4,4,3,3,4,4,4,2,3,2,2,10,11,21,14,21,16,51,36,27,63,Medium,Medium,Medium
A138,2,2.00,29,2,1,1,2,3,5,4,5,4,4,3,4,4,4,3,2,3,3,3,2,4,2,4,2,4,2,3,2,4,2,4,4,4,4,2,4,2,4,4,4,4,4,4,4,4,2,4,4,11,14,25,17,25,15,57,32,34,66,High,Medium,Medium
A139,2,2.00,28,1,1,1,2,3,5,4,3,5,3,4,4,4,4,1,1,3,4,4,4,4,4,3,4,1,4,1,4,3,4,5,5,3,3,3,1,3,2,2,4,4,4,4,5,1,1,4,4,11,13,24,14,19,28,61,27,31,58,High,High,Medium
A140,2,2.00,28,2,1,1,2,3,4,2,2,4,4,4,4,4,4,4,4,1,1,1,1,1,1,2,1,1,1,1,1,1,1,5,5,5,5,5,5,4,5,5,1,1,5,1,5,1,3,1,1,10,10,20,20,8,7,35,44,19,63,Medium,Low,Medium
A141,2,1.00,26,1,1,1,2,3,3,3,3,3,3,3,3,3,3,3,3,3,3,3,4,2,3,2,3,3,3,3,3,3,3,2,2,3,4,4,1,3,1,4,4,4,4,4,4,2,3,1,3,9,9,18,15,19,22,56,24,29,53,Medium,Medium,Medium
A142,2,2.00,28,1,1,1,3,3,4,4,2,4,2,1,4,4,4,4,4,2,1,2,1,2,2,3,1,2,1,2,2,3,1,5,4,4,4,4,5,3,5,5,4,4,5,5,5,5,5,4,4,7,10,17,20,16,9,45,39,41,80,Medium,Medium,High
A143,2,2.00,30,2,1,1,2,3,5,5,2,5,5,5,3,3,1,2,2,2,2,2,3,2,3,2,2,3,3,2,3,2,3,1,1,1,3,4,1,3,1,1,1,2,1,4,4,1,1,1,1,15,12,27,11,15,19,45,16,16,32,High,Medium,Low
A144,2,2.00,29,1,1,1,2,3,4,4,3,4,4,4,3,3,2,3,3,3,3,3,3,3,3,2,3,3,3,2,3,2,3,3,3,4,3,4,4,4,2,4,3,3,3,3,4,4,3,3,3,12,11,23,14,18,21,53,31,29,60,Medium,Medium,Medium
A145,1,2.00,29,2,1,1,2,4,3,4,2,4,4,2,4,4,3,3,4,3,1,3,2,3,2,3,2,1,2,2,1,2,2,4,3,5,4,3,5,4,5,5,4,4,5,4,3,5,4,5,5,10,9,19,18,17,12,47,38,39,77,Medium,Medium,High
A146,1,2.00,29,2,1,1,2,3,2,5,1,1,5,4,4,4,1,3,4,2,1,1,1,1,2,1,1,1,1,2,2,1,2,3,2,5,5,5,1,4,2,2,1,2,2,4,4,4,2,3,4,14,4,18,16,9,10,35,29,26,55,Medium,Low,Medium
A147,2,2.00,29,2,1,1,2,4,4,4,5,5,4,5,4,4,4,1,1,1,4,4,4,3,4,1,4,1,3,4,3,1,4,1,1,5,5,5,1,1,1,1,1,1,3,5,5,1,1,1,1,13,14,27,14,15,26,55,21,19,40,High,Medium,Low
A148,2,2.00,29,1,1,1,2,3,5,4,2,4,4,2,4,3,3,2,4,3,2,4,1,4,2,4,1,2,1,2,2,3,1,4,4,3,5,5,5,5,5,5,4,4,3,4,4,4,3,4,4,10,11,21,16,22,10,48,41,34,75,Medium,Medium,High
A149,2,2.00,32,2,1,1,2,3,5,4,4,4,4,5,3,4,2,1,2,3,3,3,4,2,2,4,3,2,2,2,2,4,2,4,4,5,4,4,5,4,4,4,1,4,4,4,4,1,4,1,2,13,13,26,12,20,18,50,38,25,63,High,Medium,Medium
A150,2,2.00,30,1,1,1,2,3,4,4,4,4,5,4,3,3,4,3,3,2,2,2,2,3,2,3,2,2,2,3,2,2,2,3,4,4,4,4,5,3,4,4,2,2,2,4,5,1,1,1,1,13,12,25,16,17,14,47,35,19,54,High,Medium,Medium
A151,2,2.00,29,2,1,1,2,4,4,4,4,2,3,3,3,3,4,4,4,1,1,1,2,2,2,3,2,3,2,2,2,2,2,5,4,4,4,4,1,2,2,2,4,4,4,2,2,2,2,2,2,10,10,20,18,14,13,45,28,24,52,Medium,Medium,Medium
A152,2,2.00,31,2,1,1,3,3,4,5,4,4,5,5,4,4,3,1,1,4,1,4,1,4,3,3,1,3,4,4,4,1,4,3,3,3,3,3,3,3,3,3,2,4,4,4,4,4,1,1,4,15,12,27,13,23,18,54,27,28,55,High,Medium,Medium
A153,2,2.00,28,2,1,1,2,3,2,4,2,2,4,2,4,4,3,3,3,3,1,3,1,3,2,3,1,3,1,2,1,3,2,4,4,4,4,4,4,4,4,4,4,4,4,4,4,4,4,4,4,10,6,16,17,20,9,46,36,36,72,Medium,Medium,High
A154,2,2.00,29,2,1,1,2,3,2,5,2,5,5,5,4,4,1,2,4,2,1,4,1,4,1,4,1,1,1,3,1,4,1,2,1,1,4,5,1,5,3,3,3,3,3,3,3,3,3,3,3,15,9,24,15,22,7,44,25,27,52,High,Medium,Medium
A155,1,2.00,31,2,2,3,2,3,3,3,3,4,4,4,3,3,1,3,4,3,1,3,2,2,2,3,2,2,2,2,2,2,2,4,4,2,5,5,5,5,5,5,1,3,4,3,1,3,3,3,4,11,10,21,14,17,13,44,40,25,65,Medium,Medium,Medium
A156,1,2.00,28,2,1,1,2,3,3,4,3,4,4,4,3,3,4,2,2,2,2,2,3,2,3,1,3,2,3,1,3,3,3,4,5,4,4,4,3,5,5,5,4,4,4,4,4,4,3,4,3,12,10,22,14,13,20,47,39,34,73,Medium,Medium,High
A157,2,2.00,30,2,1,1,2,3,3,3,3,3,3,3,4,4,2,2,3,3,1,1,1,2,2,1,2,2,1,2,1,2,1,5,4,4,4,4,4,4,4,4,4,4,4,4,4,4,4,4,4,9,9,18,15,13,9,37,37,36,73,Medium,Low,High
A158,2,2.00,30,1,1,1,2,3,4,4,3,4,2,2,3,3,3,2,2,3,2,3,3,3,3,3,3,3,3,3,3,3,3,3,3,3,3,3,3,3,3,3,3,3,3,3,3,3,3,3,3,8,11,19,13,21,20,54,27,27,54,Medium,Medium,Medium
A159,2,2.00,33,2,1,1,2,4,5,4,2,4,3,4,4,3,4,3,3,3,1,4,1,3,2,4,2,3,2,3,2,5,1,5,5,5,5,5,5,5,5,5,1,1,3,5,5,1,1,1,1,11,11,22,17,25,11,53,45,19,64,Medium,Medium,Medium
A160,2,2.00,31,2,1,1,2,3,5,3,5,5,3,3,3,3,4,3,4,3,1,3,1,3,2,4,2,2,2,3,2,3,1,3,4,4,4,4,5,5,5,5,1,2,1,4,4,1,1,1,4,9,15,24,17,21,11,49,39,19,58,High,Medium,Medium
A161,2,2.00,28,2,1,1,3,3,4,4,3,5,4,4,4,4,4,3,4,3,3,3,4,3,4,1,4,3,4,1,3,1,4,3,3,3,3,3,3,3,3,3,3,3,3,3,3,3,3,3,3,12,12,24,19,15,26,60,27,27,54,High,High,Medium
A162,2,2.00,30,2,1,1,2,3,5,4,4,4,4,5,4,4,3,2,3,3,1,3,1,1,1,3,1,1,1,1,1,4,1,5,3,5,5,5,5,5,5,5,1,5,4,5,5,4,1,4,4,13,13,26,16,16,7,39,43,33,76,High,Medium,High
A163,2,2.00,30,3,1,1,2,4,3,4,2,2,3,3,3,3,2,2,2,3,2,3,2,3,2,3,2,3,2,3,1,3,2,3,3,3,3,3,3,3,3,3,3,3,3,3,3,3,3,3,3,10,7,17,12,21,13,46,27,27,54,Medium,Medium,Medium
A164,1,1.00,27,2,1,1,2,3,4,4,2,3,4,4,4,4,2,1,4,3,1,1,1,2,1,2,3,1,1,3,2,3,1,5,4,4,5,5,2,1,1,1,2,2,2,5,5,1,1,1,2,12,9,21,15,15,10,40,28,21,49,Medium,Medium,Medium
A165,1,2.00,28,2,1,1,2,3,5,4,3,5,3,4,3,4,3,3,4,3,2,4,3,4,4,4,2,2,2,2,2,4,1,3,3,4,4,4,3,3,3,3,2,2,3,4,4,1,1,1,3,11,13,24,17,23,16,56,30,21,51,High,Medium,Medium
A166,2,2.00,31,2,1,1,1,3,4,4,3,4,4,4,4,4,3,3,3,3,1,2,2,3,2,4,1,2,2,2,1,3,1,4,4,5,5,5,5,5,5,5,4,4,4,4,4,4,4,4,4,12,11,23,17,19,10,46,43,36,79,Medium,Medium,High
A167,2,2.00,30,2,1,1,2,3,3,3,3,3,3,3,3,3,3,2,3,3,1,3,2,4,2,4,2,3,2,3,1,3,2,5,4,4,4,5,5,5,5,5,2,2,2,4,4,3,2,3,3,9,9,18,14,23,12,49,42,25,67,Medium,Medium,Medium
A168,2,2.00,31,2,1,1,3,3,5,4,4,5,4,4,3,3,2,2,2,3,3,3,1,3,3,4,1,3,1,1,1,3,1,1,1,4,4,4,1,3,1,1,2,2,2,4,4,2,2,2,2,12,14,26,12,20,11,43,20,22,42,High,Medium,Low
A169,2,1.00,27,1,4,1,2,3,5,4,3,3,3,2,3,3,3,3,2,4,1,3,1,3,1,3,2,3,2,3,2,3,1,5,4,4,4,4,5,4,5,5,3,3,4,4,5,4,4,3,3,9,11,20,14,22,10,46,40,33,73,Medium,Medium,High
A170,2,2.00,31,2,1,1,2,3,4,4,4,4,4,4,4,4,3,2,2,3,1,4,1,3,1,4,3,3,2,2,3,4,1,3,3,4,4,4,3,3,3,3,3,3,3,5,5,2,2,2,2,12,12,24,15,23,12,50,30,27,57,High,Medium,Medium
A171,2,2.00,31,2,1,1,2,3,4,4,3,4,4,4,3,3,2,2,2,4,3,4,3,4,3,4,2,3,2,3,2,4,3,3,3,4,4,4,3,3,3,3,3,3,3,3,3,3,3,3,3,12,11,23,12,26,18,56,30,27,57,Medium,Medium,Medium
A172,1,2.00,29,2,1,1,2,4,2,3,2,2,3,4,3,3,1,2,2,3,4,4,4,3,4,3,4,3,4,4,4,3,3,4,4,4,5,4,4,4,5,4,4,4,4,5,5,5,4,4,5,10,6,16,11,23,27,61,38,40,78,Medium,High,High
A173,2,2.00,29,1,1,1,2,3,4,4,2,2,3,2,4,4,4,3,4,2,2,3,1,4,1,4,1,1,1,3,1,2,1,4,4,4,4,4,5,4,3,3,3,3,3,3,3,3,3,3,3,9,8,17,19,19,8,46,35,27,62,Medium,Medium,Medium
A174,2,2.00,34,2,4,2,2,4,4,2,4,4,3,4,3,3,3,3,3,3,3,3,3,3,2,3,2,2,2,2,2,2,2,3,3,3,3,3,3,3,2,2,2,2,4,4,4,2,2,2,2,9,12,21,15,18,16,49,25,24,49,Medium,Medium,Medium
A175,1,2.00,31,2,1,1,3,3,5,4,3,3,3,3,3,3,2,2,2,3,2,2,1,2,1,3,1,3,2,2,1,3,1,4,2,5,5,5,5,5,5,5,4,4,3,4,4,3,1,3,2,10,11,21,12,18,9,39,41,28,69,Medium,Medium,High
A176,2,2.00,30,2,1,1,2,3,4,4,4,4,4,2,3,3,3,3,3,3,2,3,2,4,2,4,3,3,3,3,3,3,3,3,3,4,4,4,4,3,3,3,2,3,2,3,3,3,3,3,3,10,12,22,15,23,18,56,31,25,56,Medium,Medium,Medium
A177,2,2.00,29,2,1,1,3,4,5,2,4,4,4,4,3,3,4,3,2,2,3,3,3,3,3,1,3,2,3,3,3,2,3,4,4,4,4,4,5,4,5,5,1,1,1,4,4,1,3,1,1,10,13,23,15,16,21,52,39,17,56,Medium,Medium,Medium
A178,1,2.00,31,3,1,1,2,4,5,3,5,5,1,4,4,4,1,1,2,4,1,4,1,3,1,4,1,4,1,1,1,4,1,3,3,5,5,5,3,1,1,1,1,1,1,5,5,1,1,1,1,8,15,23,12,24,7,43,27,17,44,Medium,Medium,Medium
A179,2,2.00,30,2,1,1,2,3,4,3,3,3,3,3,3,3,3,3,3,3,3,3,3,3,3,2,2,3,3,3,3,3,3,3,3,2,4,3,3,3,3,3,2,4,3,4,4,2,3,2,2,9,10,19,15,20,20,55,27,26,53,Medium,Medium,Medium
A180,2,2.00,30,1,1,1,2,3,5,5,5,5,5,5,4,4,3,2,2,4,2,4,1,4,2,4,3,4,3,4,2,4,1,4,4,4,4,1,5,4,4,4,1,1,3,5,1,1,1,1,1,15,15,30,15,28,14,57,34,15,49,High,Medium,Medium
A181,2,2.00,36,2,1,1,2,4,4,5,3,4,5,5,3,3,2,2,2,2,3,2,3,2,2,2,3,3,3,3,3,2,3,4,4,4,4,4,4,4,4,4,4,3,3,4,4,2,2,2,2,15,11,26,12,16,20,48,36,26,62,High,Medium,Medium
A182,2,2.00,29,2,1,1,2,4,4,4,4,4,4,4,4,3,2,2,2,4,2,4,2,3,3,4,3,4,2,3,3,4,4,5,4,4,5,5,5,4,4,4,4,4,4,4,4,4,4,4,4,12,12,24,13,26,19,58,40,36,76,High,Medium,High
A183,2,2.00,33,3,1,1,2,3,4,3,2,3,3,2,3,3,3,2,2,3,3,3,2,4,3,4,2,2,2,2,2,3,2,5,5,4,4,4,5,4,5,5,3,3,1,4,5,3,2,3,3,8,9,17,13,21,16,50,41,27,68,Medium,Medium,High
A184,2,2.00,28,2,3,4,2,4,2,4,2,4,2,4,3,3,4,3,4,3,1,1,3,4,1,4,1,3,1,1,1,2,1,4,4,5,5,5,4,3,4,4,4,4,4,5,5,4,3,4,4,10,8,18,17,18,9,44,38,37,75,Medium,Medium,High
A185,1,3.00,39,2,1,1,2,5,1,4,2,2,4,5,3,3,2,2,2,2,2,2,3,3,3,3,3,3,2,2,2,3,3,4,3,3,4,4,4,3,3,3,3,3,4,4,4,3,4,4,4,13,5,18,12,18,18,48,31,33,64,Medium,Medium,Medium
A186,2,2.00,29,3,1,1,2,3,5,4,4,4,3,3,3,3,3,3,4,3,2,4,3,3,2,4,2,2,2,4,3,4,1,3,3,3,3,3,5,3,5,4,3,2,3,4,4,3,1,3,3,10,13,23,16,24,15,55,32,26,58,Medium,Medium,Medium
A187,2,2.00,28,2,1,1,2,3,4,4,3,3,3,3,3,3,1,2,3,3,4,4,2,3,3,4,3,4,3,2,3,4,2,5,5,3,5,5,5,3,5,5,2,2,1,4,4,2,3,2,2,10,10,20,12,24,20,56,41,22,63,Medium,Medium,Medium
A188,1,1.00,27,2,1,1,2,3,4,4,2,4,4,3,4,4,4,3,4,2,1,3,2,2,1,3,1,3,2,2,1,2,2,4,2,5,5,5,5,5,5,5,1,2,2,4,5,1,2,1,2,11,10,21,19,17,10,46,41,20,61,Medium,Medium,Medium
A189,2,2.00,28,2,1,1,2,3,4,4,2,4,4,3,4,4,3,2,1,3,1,4,1,3,3,4,2,3,1,3,1,4,1,3,3,5,5,5,3,3,3,3,1,1,3,3,3,3,3,3,3,11,10,21,14,24,10,48,33,23,56,Medium,Medium,Medium
A190,2,2.00,35,2,1,1,2,3,4,4,2,4,4,2,3,3,4,2,2,3,1,3,1,4,1,3,2,2,2,3,3,3,1,5,5,1,1,1,5,3,3,3,1,1,1,5,5,1,1,1,1,10,10,20,14,21,11,46,27,17,44,Medium,Medium,Medium
A191,2,2.00,30,2,3,4,2,3,5,4,5,5,4,2,4,4,4,4,4,3,1,2,1,3,1,1,1,1,1,3,3,3,1,4,3,1,3,3,1,3,3,3,1,2,3,5,1,4,2,3,4,10,15,25,20,16,9,45,24,25,49,High,Medium,Medium
A192,2,1.00,26,2,1,1,2,3,4,4,3,3,4,2,3,3,3,2,3,3,2,3,2,3,2,4,3,3,3,3,2,4,3,3,3,2,3,3,3,3,3,3,3,3,3,3,3,3,3,3,3,10,10,20,14,23,17,54,26,27,53,Medium,Medium,Medium
A193,2,2.00,32,2,3,4,2,3,4,4,2,4,4,4,3,3,3,3,2,3,2,3,1,3,1,4,3,3,1,3,1,3,1,3,2,4,4,4,2,3,2,1,2,2,4,4,4,2,2,2,2,12,10,22,14,22,10,46,25,24,49,Medium,Medium,Medium
A194,2,1.00,27,2,1,1,2,3,4,3,4,4,4,4,4,4,4,3,4,4,4,4,3,3,2,2,2,3,2,2,2,1,1,3,3,3,4,3,4,4,4,4,2,4,4,4,4,1,2,1,1,11,12,23,19,19,16,54,32,23,55,Medium,Medium,Medium
A195,2,2.00,32,2,1,1,2,3,4,2,4,3,3,2,4,4,4,2,2,2,4,4,4,2,4,2,4,4,4,4,4,2,4,4,4,3,4,5,3,3,3,3,3,3,3,3,4,3,3,3,3,7,11,18,16,20,28,64,32,28,60,Medium,High,Medium
A196,2,2.00,32,2,1,1,3,3,3,4,3,3,3,3,3,3,2,2,2,4,2,4,2,2,2,2,3,3,2,3,2,1,2,3,3,4,3,3,3,3,3,3,3,3,3,3,3,3,3,3,3,10,9,19,12,19,15,46,28,27,55,Medium,Medium,Medium
A197,2,2.00,33,1,1,1,2,3,4,4,3,4,3,2,4,4,3,2,3,3,1,3,3,3,3,2,2,3,3,2,2,3,3,4,5,5,5,5,5,2,2,2,2,2,3,4,3,4,3,2,3,9,11,20,16,19,17,52,35,26,61,Medium,Medium,Medium
A198,2,2.00,31,2,1,1,2,3,4,2,4,5,3,3,3,4,1,2,1,3,3,1,3,3,3,1,3,3,4,2,3,2,3,3,3,3,4,4,5,5,5,5,3,3,3,3,4,3,3,4,3,8,13,21,11,15,22,48,37,29,66,Medium,Medium,Medium
A199,2,2.00,30,2,1,1,2,3,4,4,4,4,4,4,3,3,2,2,2,4,4,4,2,2,3,2,4,4,4,4,4,2,4,3,3,3,3,3,3,3,3,3,1,3,3,3,5,2,3,5,5,12,12,24,12,22,25,59,27,30,57,High,High,Medium
A200,2,2.00,29,2,1,1,2,3,5,4,2,3,4,2,3,3,2,2,2,4,2,4,2,3,3,2,3,3,4,3,3,4,2,3,3,4,3,3,3,3,3,3,3,3,3,3,3,3,3,3,3,10,10,20,12,23,19,54,28,27,55,Medium,Medium,Medium
A201,2,2.00,31,2,1,1,2,3,4,3,4,4,4,4,3,3,3,2,3,3,2,3,1,3,3,3,2,3,2,3,2,3,1,4,3,4,4,4,4,4,4,4,2,2,4,4,4,2,3,2,2,11,12,23,14,21,13,48,35,25,60,Medium,Medium,Medium
A202,1,2.00,28,2,1,1,2,3,4,4,3,4,4,4,3,3,3,3,2,3,1,2,2,3,2,3,2,2,2,2,2,3,2,2,2,4,4,4,2,4,2,2,2,2,2,2,2,2,2,2,2,12,11,23,14,18,13,45,26,18,44,Medium,Medium,Medium
A203,1,2.00,28,2,1,1,3,4,2,3,3,3,4,3,4,4,1,1,2,1,2,2,2,3,2,1,2,1,1,1,2,2,3,5,4,5,4,4,4,4,3,3,3,3,3,3,3,3,3,3,4,10,8,18,12,11,14,37,36,28,64,Medium,Low,Medium
A204,2,2.00,32,2,1,1,1,3,3,3,2,3,4,3,4,4,4,4,4,4,4,4,4,4,4,4,4,4,4,4,4,4,4,2,2,2,4,4,1,1,1,1,1,1,1,5,5,2,2,2,2,10,8,18,20,28,28,76,18,21,39,Medium,High,Low
A205,1,2.00,35,2,1,1,2,3,5,1,5,5,1,1,4,3,1,2,1,1,1,3,3,3,3,3,3,3,3,3,3,3,3,1,1,1,5,5,3,3,3,3,3,3,3,3,3,3,3,3,3,3,15,18,11,19,19,49,25,27,52,Medium,Medium,Medium
A206,2,2.00,32,3,1,1,3,3,4,5,4,4,5,5,3,3,2,2,2,4,2,3,2,3,2,4,3,3,2,4,4,4,3,5,5,4,4,4,5,5,5,5,2,2,1,4,4,1,1,1,1,15,12,27,12,25,18,55,42,17,59,High,Medium,Medium
A207,1,2.00,35,2,1,1,2,3,4,5,2,5,4,5,4,4,4,1,2,3,1,4,1,1,1,4,2,1,1,2,1,3,1,4,4,5,5,5,5,2,4,4,1,3,4,5,4,1,2,2,1,14,11,25,15,18,8,41,38,23,61,High,Medium,Medium
A208,2,2.00,33,2,1,1,2,3,3,3,3,4,4,4,3,3,3,2,2,3,3,3,3,3,3,3,3,3,3,3,3,3,3,2,2,4,3,3,3,3,3,3,3,2,2,4,4,3,3,3,3,11,10,21,13,21,21,55,26,27,53,Medium,Medium,Medium
A209,1,3.00,40,2,1,1,6,4,3,4,4,5,3,4,3,3,3,2,2,3,3,3,1,2,2,4,2,3,1,2,2,3,1,3,3,4,4,4,3,3,3,3,3,3,3,2,5,1,2,1,1,11,12,23,13,20,12,45,30,21,51,Medium,Medium,Medium
A210,2,2.00,29,2,1,1,2,3,5,1,5,3,3,3,4,3,3,3,2,3,1,2,2,3,1,4,1,1,1,1,1,2,2,3,3,3,3,3,3,3,3,3,3,3,3,4,4,3,3,3,3,7,13,20,15,16,9,40,27,29,56,Medium,Medium,Medium
A211,2,2.00,32,2,1,1,2,3,5,4,3,3,4,4,4,4,3,2,2,3,3,3,2,1,1,4,2,2,2,2,1,3,2,4,4,5,4,5,4,4,4,4,3,4,4,4,4,3,4,4,3,12,11,23,15,18,13,46,38,33,71,Medium,Medium,High
A212,2,2.00,34,2,1,1,3,3,5,4,2,2,3,3,3,3,2,2,2,2,2,2,2,2,2,2,2,2,2,2,2,2,2,5,5,5,5,5,5,5,5,5,5,5,5,5,5,5,5,5,5,10,9,19,12,14,14,40,45,45,90,Medium,Medium,High
A213,2,2.00,30,2,1,1,2,3,5,4,2,5,5,5,4,4,3,1,1,3,4,2,4,2,4,1,4,3,4,4,4,1,1,1,1,5,5,5,1,1,1,1,1,1,1,5,5,1,1,1,1,14,12,26,13,16,25,54,21,17,38,High,Medium,Low
A214,2,2.00,33,2,1,1,2,3,2,4,2,2,4,4,2,2,3,3,3,2,2,2,2,2,2,2,2,2,2,2,2,2,3,3,3,3,3,3,3,3,3,3,1,1,1,1,1,2,1,2,4,12,6,18,13,14,15,42,27,14,41,Medium,Medium,Low
A215,2,2.00,28,2,1,1,2,3,4,4,3,4,4,4,3,3,2,2,2,3,2,4,2,4,2,4,2,3,2,3,2,4,2,3,3,4,3,4,4,4,4,4,4,4,4,4,4,4,4,4,4,12,11,23,12,25,14,51,33,36,69,Medium,Medium,High
A216,2,2.00,28,2,1,1,2,3,4,4,4,4,2,3,3,3,3,3,3,2,1,2,2,2,2,4,2,2,2,2,2,2,2,4,4,4,4,4,4,4,4,4,4,4,4,4,4,2,4,2,2,9,12,21,15,16,13,44,36,30,66,Medium,Medium,Medium
A217,2,2.00,31,2,1,1,2,3,4,4,4,4,4,4,4,4,3,3,1,1,4,1,4,1,4,1,4,4,4,4,4,1,4,4,4,2,5,5,3,1,3,3,2,4,2,5,4,1,1,1,1,12,12,24,15,13,28,56,30,21,51,High,Medium,Medium
A218,1,2.00,29,2,1,1,2,4,4,3,4,4,3,4,3,3,2,2,2,3,3,3,3,3,3,3,3,2,3,3,3,3,3,3,3,3,3,3,3,3,3,3,3,4,3,4,3,3,3,4,4,10,12,22,12,20,21,53,27,31,58,Medium,Medium,Medium
A219,1,2.00,28,1,1,1,2,3,4,5,5,5,5,5,3,3,2,2,2,3,3,3,3,3,3,3,3,3,3,3,3,3,3,3,3,3,3,3,3,3,3,3,3,3,3,3,3,3,3,3,3,15,14,29,12,21,21,54,27,27,54,High,Medium,Medium
A220,2,2.00,30,2,1,1,2,3,4,5,4,5,5,5,4,4,2,1,2,2,1,3,1,3,3,4,1,1,1,2,1,4,1,4,4,5,5,5,1,1,1,1,3,3,3,3,3,3,3,3,3,15,13,28,13,19,9,41,27,27,54,High,Medium,Medium
A221,2,2.00,31,2,1,1,2,3,3,4,2,4,3,3,4,3,3,1,3,3,2,3,2,3,2,3,2,2,2,2,2,3,1,3,3,4,5,5,3,3,3,3,2,3,5,5,5,1,3,1,1,10,9,19,14,19,13,46,32,26,58,Medium,Medium,Medium
A222,2,1.00,27,2,1,1,2,3,2,4,5,5,4,4,3,3,3,2,4,3,2,3,2,2,2,5,4,5,2,2,2,4,1,4,4,5,5,5,5,5,5,5,4,4,4,4,4,4,4,4,4,12,12,24,15,24,15,54,43,36,79,High,Medium,High
A223,1,2.00,30,2,1,1,2,3,4,4,4,5,4,4,4,3,2,2,1,3,3,3,3,3,3,3,4,3,3,3,3,3,4,1,3,4,4,4,1,2,1,1,2,2,2,4,4,1,2,1,1,12,13,25,12,21,23,56,21,19,40,High,Medium,Low
A224,1,2.00,28,2,1,1,2,3,5,5,3,3,3,3,2,3,4,2,3,3,1,4,2,3,3,4,3,3,3,3,3,4,1,3,4,4,4,4,4,3,3,3,3,3,3,3,3,3,3,1,1,11,11,22,14,24,16,54,32,23,55,Medium,Medium,Medium
A225,2,2.00,38,2,1,1,3,3,5,5,3,3,5,5,4,4,2,2,2,4,4,4,4,4,4,2,4,3,4,3,4,4,4,5,5,3,3,3,3,3,3,3,3,3,5,5,3,3,3,3,3,15,11,26,14,24,28,66,31,31,62,High,High,Medium
A226,2,1.00,27,1,1,1,2,3,4,4,4,4,4,3,4,3,2,2,2,3,1,3,1,3,2,1,2,3,1,2,3,1,2,4,4,4,4,3,4,1,3,2,2,2,2,4,4,2,3,2,3,11,12,23,13,16,12,41,29,24,53,Medium,Medium,Medium
A227,2,2.00,29,2,1,1,2,3,4,4,4,4,4,3,3,3,3,2,2,3,3,2,3,2,3,2,3,3,3,3,3,2,3,4,4,4,4,4,4,4,4,4,3,3,3,4,4,2,2,2,2,11,12,23,13,17,21,51,36,25,61,Medium,Medium,Medium
A228,1,2.00,29,2,1,1,2,3,4,3,4,4,3,3,3,3,3,3,2,3,2,3,3,3,3,3,3,3,3,3,3,3,3,3,3,3,3,3,3,3,3,3,3,3,3,4,3,3,3,3,3,9,12,21,14,21,20,55,27,28,55,Medium,Medium,Medium
A229,2,3.00,39,3,3,4,3,4,3,4,4,4,4,4,3,4,2,2,2,3,3,3,3,3,3,2,3,3,3,3,3,3,3,3,4,4,4,4,3,3,3,3,3,3,3,3,3,3,3,3,3,12,11,23,13,20,21,54,31,27,58,Medium,Medium,Medium
A230,2,2.00,30,2,1,1,2,3,2,2,2,3,3,2,3,2,3,2,2,3,3,3,2,4,4,4,3,3,3,3,3,3,3,3,3,3,3,3,3,3,3,3,3,3,3,3,3,3,3,3,3,7,7,14,12,23,21,56,27,27,54,Low,Medium,Medium
A231,2,2.00,30,2,1,1,7,4,5,5,5,5,5,5,4,4,4,1,3,3,3,2,4,2,2,2,4,3,3,4,3,2,3,4,4,5,5,5,5,5,5,5,4,4,3,4,5,4,4,5,4,15,15,30,16,18,22,56,43,37,80,High,Medium,High
A232,1,3.00,39,1,1,1,4,3,3,3,3,3,3,3,3,3,2,2,3,2,2,2,2,2,2,2,2,2,2,2,2,2,2,2,2,2,2,2,2,2,2,2,2,2,2,2,2,2,2,2,2,9,9,18,13,14,14,41,18,18,36,Medium,Medium,Low
A233,1,2.00,29,2,1,1,2,3,5,5,1,2,5,5,4,4,1,3,1,4,4,4,4,4,4,4,4,4,4,4,4,4,4,1,1,5,5,5,5,1,5,5,1,5,5,5,5,5,5,1,1,15,8,23,13,28,28,69,33,33,66,Medium,High,Medium
A234,1,2.00,28,2,1,1,7,3,5,2,5,5,4,4,2,2,3,3,3,2,2,2,3,3,3,2,2,2,3,3,3,2,3,3,3,3,3,3,3,3,3,3,3,3,3,3,3,3,3,3,3,10,15,25,13,16,19,48,27,27,54,High,Medium,Medium
A235,1,1.00,27,2,1,1,2,4,3,5,5,5,2,1,2,4,4,4,4,3,4,2,4,3,4,2,4,3,3,4,3,2,4,5,5,5,5,5,5,5,5,5,4,4,4,4,4,5,5,4,4,8,13,21,18,19,26,63,45,38,83,Medium,High,High
A236,2,1.00,27,2,1,1,2,3,4,3,3,3,2,2,4,4,3,2,4,4,1,3,1,1,1,3,1,1,1,2,1,3,1,5,3,5,5,5,5,3,5,5,2,3,2,4,5,1,1,1,1,7,10,17,17,17,7,41,41,20,61,Medium,Medium,Medium
A237,2,2.00,32,2,1,1,2,3,3,4,3,4,4,3,4,4,2,3,4,4,4,4,4,2,3,2,3,4,3,2,4,3,4,4,3,3,4,5,5,3,3,3,2,2,2,4,4,1,3,1,1,11,10,21,17,21,25,63,33,20,53,Medium,High,Medium
A238,1,1.00,27,2,1,1,2,3,4,4,3,4,4,4,3,3,2,2,2,3,1,2,2,2,2,3,2,2,2,2,2,4,2,4,4,4,4,4,4,4,5,4,4,4,2,4,4,3,4,3,3,12,11,23,12,18,13,43,37,31,68,Medium,Medium,High
A239,2,2.00,29,2,1,1,2,3,5,3,2,3,4,4,4,4,4,1,3,1,1,3,1,1,1,3,1,1,1,1,1,3,1,4,5,5,3,3,3,3,3,3,3,5,3,5,5,3,3,3,3,11,10,21,16,13,7,36,32,33,65,Medium,Low,Medium
A240,2,2.00,31,2,1,1,3,3,4,4,4,4,4,4,3,3,3,2,3,3,3,4,1,3,3,4,3,4,2,3,3,2,2,3,3,3,3,3,3,3,3,3,3,3,3,3,3,3,3,3,3,12,12,24,14,23,17,54,27,27,54,High,Medium,Medium
A241,2,2.00,29,2,1,1,2,3,5,2,5,5,3,3,2,3,2,2,2,3,1,3,3,3,3,4,2,3,1,1,1,4,1,5,4,5,5,5,5,5,5,5,5,5,5,5,5,3,5,3,3,8,15,23,11,21,12,44,44,39,83,Medium,Medium,High
A242,2,2.00,31,2,1,1,2,3,5,4,5,5,3,3,4,4,3,2,3,4,3,3,3,3,3,2,3,4,4,4,4,2,4,2,2,3,4,4,4,1,1,2,2,2,2,4,5,5,1,1,1,10,15,25,16,22,24,62,23,23,46,High,High,Medium
A243,2,2.00,29,2,1,1,2,3,4,3,3,3,3,3,3,3,3,2,2,3,2,3,2,4,2,4,2,3,2,3,2,3,1,4,4,5,4,4,5,5,5,4,2,2,2,4,4,2,2,2,2,9,10,19,13,23,13,49,40,22,62,Medium,Medium,Medium
A244,1,2.00,28,2,1,1,2,4,4,4,3,3,3,3,4,4,4,1,3,2,2,2,2,2,2,3,2,2,2,2,2,3,2,3,3,3,3,4,3,3,3,3,1,1,5,5,5,1,5,1,1,10,10,20,16,16,14,46,28,25,53,Medium,Medium,Medium
A245,1,2.00,32,2,1,1,2,4,2,5,3,4,2,4,4,3,4,3,3,3,3,2,1,3,3,2,2,2,2,1,2,3,3,3,3,3,3,3,2,4,1,2,1,2,3,2,3,2,4,3,3,11,9,20,17,16,16,49,24,23,47,Medium,Medium,Medium
A246,2,2.00,32,2,2,2,2,4,4,2,2,4,2,2,3,3,3,3,3,3,3,3,2,2,2,3,3,3,2,3,1,3,1,4,4,4,4,4,5,4,1,1,2,4,4,4,4,2,2,2,2,6,10,16,15,20,14,49,31,26,57,Medium,Medium,Medium
A247,2,2.00,31,2,1,1,2,3,4,4,4,4,4,4,4,4,3,2,3,3,2,3,2,3,2,4,3,3,2,3,2,3,2,4,4,4,5,5,4,4,4,4,2,2,4,4,4,4,4,2,3,12,12,24,16,22,15,53,38,29,67,High,Medium,Medium
A248,2,3.00,46,2,1,1,7,3,2,4,2,4,4,4,3,3,3,2,2,3,2,3,1,3,3,2,3,3,3,3,3,3,2,4,4,5,5,4,4,4,4,4,1,1,1,4,3,1,1,1,1,12,8,20,13,20,17,50,38,14,52,Medium,Medium,Medium
A249,2,2.00,37,2,1,1,2,3,4,5,4,4,5,5,4,4,4,3,3,4,4,2,4,2,4,1,4,1,4,1,4,2,4,3,1,2,4,4,4,4,4,3,4,5,5,5,5,4,2,3,4,15,12,27,18,13,28,59,29,37,66,High,High,Medium
A250,2,2.00,29,2,1,1,2,4,4,4,2,5,4,4,4,4,2,2,3,3,2,3,1,3,1,4,2,2,2,3,3,3,2,4,3,5,4,4,3,3,3,3,1,2,2,5,5,1,1,1,1,12,11,23,15,21,13,49,32,19,51,Medium,Medium,Medium
A251,2,2.00,30,2,1,1,2,3,5,5,5,5,5,4,4,4,1,1,1,4,4,4,4,3,4,3,4,4,2,4,4,3,4,4,5,3,5,5,5,3,3,3,3,3,3,4,4,3,2,1,1,14,15,29,11,25,26,62,36,24,60,High,High,Medium
A252,1,2.00,29,2,1,1,2,3,2,2,2,4,3,4,3,3,2,2,2,3,3,2,3,2,3,2,3,3,3,2,3,2,3,2,4,4,4,4,2,2,3,3,4,4,4,3,4,3,4,3,4,9,8,17,12,16,21,49,28,33,61,Medium,Medium,Medium
A253,1,2.00,29,2,4,2,2,3,3,4,2,3,4,3,4,3,3,3,2,3,1,3,1,3,2,3,1,1,1,3,2,3,1,3,3,4,3,3,4,3,4,3,3,3,3,3,4,3,3,3,3,11,8,19,15,19,9,43,30,28,58,Medium,Medium,Medium
A254,2,2.00,36,2,1,1,2,3,3,4,2,4,4,4,3,3,2,2,2,3,2,1,3,4,2,4,1,2,2,1,1,2,1,5,5,4,5,5,5,4,4,4,1,1,1,4,5,1,2,1,1,12,9,21,12,17,12,41,41,17,58,Medium,Medium,Medium
A255,1,2.00,29,2,1,1,2,3,4,4,2,4,4,2,3,3,2,2,2,3,3,3,2,2,3,3,2,2,2,3,2,2,2,4,4,4,4,4,4,4,4,4,3,4,4,4,4,2,4,2,3,10,10,20,12,18,16,46,36,30,66,Medium,Medium,Medium
A256,2,2.00,33,2,1,1,2,3,4,4,4,4,4,4,4,4,3,2,2,2,2,2,1,3,2,3,1,2,1,2,1,3,2,3,4,5,5,4,4,4,4,4,2,2,2,4,3,1,3,1,1,12,12,24,15,17,10,42,37,19,56,High,Medium,Medium
A257,2,2.00,31,2,1,1,2,3,4,3,2,2,3,3,3,3,3,2,2,3,2,3,1,3,3,4,1,3,1,3,1,3,1,4,3,4,4,4,5,4,5,4,2,4,3,4,3,1,1,1,1,9,8,17,13,22,10,45,37,20,57,Medium,Medium,Medium
A258,2,2.00,32,2,1,1,2,4,4,4,4,4,4,4,4,4,3,4,4,3,2,3,1,3,2,3,4,4,2,2,2,2,2,3,4,4,4,4,4,5,4,4,1,2,1,4,4,4,4,4,4,12,12,24,19,20,15,54,36,28,64,High,Medium,Medium
A259,2,2.00,29,2,1,1,3,4,4,4,4,4,4,4,3,3,2,2,2,3,2,3,2,2,3,3,3,3,4,3,3,3,3,4,4,4,4,4,5,4,5,4,5,5,4,4,4,4,4,5,4,12,12,24,12,20,20,52,38,39,77,High,Medium,High
A260,2,2.00,29,2,1,1,7,4,4,4,3,4,4,4,4,4,2,2,2,3,2,4,2,3,2,4,2,3,2,2,2,4,2,4,3,4,3,3,5,5,5,4,1,1,3,5,5,1,2,1,1,12,11,23,14,23,14,51,36,20,56,Medium,Medium,Medium
A261,1,1.00,26,1,1,1,2,3,3,3,4,3,3,3,3,3,4,3,3,2,3,3,3,3,3,3,3,3,3,3,3,2,3,3,3,4,4,4,3,3,3,3,3,3,3,3,4,3,3,3,3,9,10,19,16,19,21,56,30,28,58,Medium,Medium,Medium
A262,2,2.00,29,2,1,1,2,3,4,2,3,3,2,2,3,3,2,2,2,2,3,3,2,3,2,3,2,2,3,3,2,2,3,2,4,5,3,3,3,5,1,1,2,4,2,4,4,4,2,4,4,6,10,16,12,18,17,47,27,30,57,Medium,Medium,Medium
A263,2,2.00,32,2,1,1,3,3,5,5,5,5,5,4,4,3,3,2,2,3,3,4,2,3,3,4,3,3,3,3,3,4,3,5,5,4,5,5,5,5,5,5,1,1,4,4,4,1,3,1,1,14,15,29,14,24,20,58,44,20,64,High,Medium,Medium
A264,1,1.00,27,1,1,1,2,3,5,2,2,4,3,3,4,4,3,3,3,3,3,3,4,3,3,3,3,3,3,4,3,3,4,4,4,5,5,5,5,4,4,4,3,3,2,3,3,3,3,3,3,8,11,19,17,22,23,62,40,26,66,Medium,High,Medium
A265,1,2.00,33,2,1,1,2,3,4,4,4,4,4,4,3,3,3,3,2,3,2,2,2,3,2,3,2,2,2,2,2,2,2,5,5,5,5,5,5,5,5,5,2,2,3,3,3,2,4,2,2,12,12,24,14,17,14,45,45,23,68,High,Medium,High
A266,1,2.00,30,1,1,1,2,3,4,5,2,3,5,4,4,4,3,3,3,3,1,2,1,2,1,2,1,1,1,1,1,2,1,3,3,4,4,4,3,3,3,3,3,3,4,4,4,3,3,3,3,14,9,23,17,13,7,37,30,30,60,Medium,Low,Medium
A267,1,1.00,27,2,2,1,2,4,4,4,5,5,5,4,3,3,2,3,1,3,2,4,1,4,1,4,1,1,1,1,1,4,1,3,4,4,4,4,3,3,5,5,5,5,5,5,5,5,3,5,5,13,14,27,12,21,8,41,35,43,78,High,Medium,High
A268,2,2.00,28,2,4,2,2,4,5,5,5,5,5,5,4,4,4,4,4,4,4,4,4,4,4,2,4,4,4,4,4,2,4,5,5,1,5,5,1,1,1,1,1,1,1,5,3,3,3,3,3,15,15,30,20,24,28,72,25,23,48,High,High,Medium
A269,2,2.00,31,2,1,1,2,3,3,4,2,4,4,3,3,3,2,3,3,3,3,3,3,1,3,1,3,3,3,3,3,1,3,4,4,4,4,4,4,2,4,4,1,3,1,5,5,2,2,2,4,11,9,20,14,15,21,50,34,25,59,Medium,Medium,Medium
A270,2,2.00,29,2,1,1,7,3,5,4,1,3,4,3,4,4,1,3,4,3,1,3,1,3,2,4,2,2,1,3,2,4,1,5,5,1,5,5,5,5,5,5,3,3,4,5,5,1,4,1,1,11,9,20,16,22,10,48,41,27,68,Medium,Medium,High
A271,2,1.00,27,2,1,1,6,4,2,4,3,3,4,3,3,3,4,3,4,1,1,1,3,2,1,3,1,1,1,3,1,1,1,5,4,3,4,4,4,4,4,4,5,5,3,4,4,4,4,4,4,11,8,19,17,12,9,38,36,37,73,Medium,Low,High
A272,2,2.00,28,2,1,1,2,4,3,2,2,2,2,2,3,3,3,3,3,3,3,3,2,4,2,4,1,2,2,3,1,2,2,2,2,5,4,4,4,3,3,3,4,4,2,3,3,4,4,4,4,6,7,13,15,21,13,49,30,32,62,Low,Medium,Medium
A273,2,2.00,31,2,1,1,2,3,1,4,2,2,1,1,3,3,2,3,3,3,3,3,3,3,1,2,2,2,1,2,4,1,1,3,5,2,2,2,1,2,1,2,2,2,2,4,4,1,1,1,1,6,5,11,14,16,15,45,20,18,38,Low,Medium,Low
A274,1,1.00,27,2,1,1,2,3,4,4,2,4,2,3,3,3,3,3,2,3,3,3,3,3,3,3,3,3,3,3,3,3,3,2,2,4,2,2,2,4,2,2,2,4,2,4,3,2,2,2,2,9,10,19,14,21,21,56,22,23,45,Medium,Medium,Medium
A275,1,2.00,29,2,1,1,2,4,5,5,5,5,5,5,4,4,1,1,2,2,1,1,1,1,1,1,1,1,1,1,1,4,1,1,1,1,1,1,1,5,1,1,5,5,5,5,5,5,1,5,5,15,15,30,12,11,7,30,13,41,54,High,Low,Medium
A276,2,2.00,29,2,1,1,2,3,5,4,2,5,4,3,4,4,4,4,3,3,1,2,1,3,1,3,1,3,2,2,2,3,2,4,4,4,4,4,4,4,4,4,4,4,4,4,5,2,2,2,2,11,12,23,19,19,10,48,36,29,65,Medium,Medium,Medium
A277,1,2.00,28,2,1,1,2,3,3,3,4,2,3,4,3,4,1,1,2,3,3,4,4,3,3,1,3,1,2,4,1,2,2,4,5,5,5,5,5,1,3,1,1,3,3,4,5,2,2,2,2,10,9,19,11,18,18,47,34,24,58,Medium,Medium,Medium
A278,2,2.00,31,2,1,1,2,3,4,3,2,2,4,2,3,2,2,2,3,3,2,3,2,4,2,4,3,2,2,3,3,3,2,2,2,5,5,5,5,3,5,5,1,1,1,4,4,1,1,1,1,9,8,17,12,22,16,50,37,15,52,Medium,Medium,Medium
A279,2,2.00,30,2,1,1,2,3,3,5,3,4,5,4,3,3,3,3,4,3,2,3,3,2,2,3,2,2,2,2,2,3,3,3,3,3,3,3,3,3,3,3,3,3,3,3,3,3,3,3,3,14,10,24,16,18,16,50,27,27,54,High,Medium,Medium
A280,2,2.00,30,2,1,1,2,3,3,3,3,3,3,3,4,4,1,4,2,3,3,2,2,1,2,2,1,1,1,2,2,2,2,5,5,4,4,4,5,4,4,4,3,4,4,4,5,1,3,1,3,9,9,18,15,13,13,41,39,28,67,Medium,Medium,Medium
A281,2,2.00,37,2,1,1,2,4,4,4,4,4,4,4,3,3,3,3,3,2,1,1,1,1,1,2,2,3,2,2,2,3,1,3,3,3,3,3,3,3,3,3,3,3,3,3,3,3,3,3,3,12,12,24,15,14,10,39,27,27,54,High,Medium,Medium
A282,2,2.00,31,1,1,3,4,3,3,5,2,3,4,4,4,4,4,4,3,2,4,3,1,3,1,3,1,3,1,2,1,3,1,5,5,5,5,5,5,5,5,5,2,2,4,5,5,1,4,1,1,13,8,21,19,19,10,48,45,25,70,Medium,Medium,High
A283,2,2.00,31,1,2,3,2,4,5,3,4,4,3,2,3,3,2,2,2,4,2,4,3,4,3,4,3,3,3,3,3,4,3,3,3,3,2,2,3,4,4,3,3,3,3,3,3,3,3,3,3,8,13,21,12,26,20,58,27,27,54,Medium,Medium,Medium
A284,1,2.00,32,2,1,1,2,3,3,4,3,3,4,3,4,4,1,2,2,3,4,3,4,3,3,3,3,4,3,3,3,4,3,4,4,4,4,4,4,4,4,4,4,4,4,4,4,4,4,4,4,11,9,20,13,23,23,59,36,36,72,Medium,High,High
A285,2,2.00,28,2,1,1,2,3,4,3,3,4,3,3,3,3,3,3,3,3,3,3,3,2,2,2,2,2,3,2,4,2,2,5,4,5,5,5,5,5,5,5,3,3,3,4,4,1,1,1,1,9,11,20,15,16,19,50,44,21,65,Medium,Medium,Medium
A286,2,2.00,28,2,1,1,2,3,5,4,3,4,4,4,4,3,2,2,3,1,1,1,1,3,1,3,2,2,2,2,2,2,2,3,4,4,4,3,5,4,5,4,2,2,2,4,4,2,3,3,3,12,12,24,14,14,11,39,36,25,61,High,Medium,Medium
A287,2,2.00,29,2,1,1,2,3,2,2,2,4,2,2,3,4,2,2,3,3,2,2,2,1,1,3,2,2,2,2,2,2,2,4,4,4,4,4,5,5,5,5,2,4,2,5,5,1,2,1,2,6,8,14,14,15,13,42,40,24,64,Low,Medium,Medium
A288,2,2.00,29,2,1,1,2,3,4,4,2,4,4,4,3,3,2,1,2,4,2,3,3,3,2,3,2,2,2,3,2,3,2,2,3,4,4,4,3,4,3,3,4,4,3,4,4,3,2,3,4,12,10,22,11,21,15,47,30,31,61,Medium,Medium,Medium
A289,2,1.00,27,2,1,1,2,4,5,4,4,5,4,4,4,4,3,1,2,3,2,2,2,3,2,4,1,2,2,2,1,2,1,4,5,4,4,4,5,5,5,5,1,1,4,4,4,1,1,1,1,12,14,26,14,18,11,43,41,18,59,High,Medium,Medium
A290,1,2.00,28,2,1,1,2,3,3,3,3,2,3,4,3,3,2,2,2,3,3,3,3,3,3,3,3,3,3,3,3,3,3,3,4,4,3,4,3,3,4,4,4,4,4,4,3,3,3,3,3,10,8,18,12,21,21,54,32,31,63,Medium,Medium,Medium
A291,2,2.00,28,2,1,1,2,3,5,4,5,5,4,4,3,3,2,2,2,4,2,2,1,4,2,4,2,2,2,2,1,1,1,5,5,4,5,5,5,4,5,5,4,4,4,1,4,1,1,1,1,12,15,27,12,19,11,42,43,21,64,High,Medium,Medium
A292,2,2.00,33,2,1,1,3,3,3,4,2,3,3,3,4,3,3,3,4,3,4,3,4,3,1,3,2,2,2,1,1,3,1,2,2,4,3,4,4,3,5,5,3,4,4,4,4,4,4,4,4,10,8,18,17,18,15,50,32,35,67,Medium,Medium,Medium
A293,2,2.00,29,2,1,1,2,3,4,3,2,4,3,3,3,3,3,3,3,3,3,3,3,2,3,2,3,4,3,3,4,3,4,5,5,5,4,4,5,4,5,5,2,2,4,4,4,1,4,1,1,9,10,19,15,20,23,58,42,23,65,Medium,Medium,Medium
A294,2,2.00,31,2,1,1,3,3,5,5,3,5,3,4,4,4,4,1,1,3,1,3,1,1,1,3,1,1,1,1,1,3,1,3,3,5,5,5,5,3,5,5,5,5,5,5,5,5,3,5,5,12,13,25,14,15,7,36,39,43,82,High,Low,High
A295,2,2.00,28,2,1,1,2,3,4,4,2,4,3,3,4,4,4,2,3,4,4,3,1,3,2,4,1,2,2,4,2,3,3,3,3,4,5,3,2,2,2,4,3,3,2,4,4,2,2,2,2,10,10,20,17,23,15,55,28,24,52,Medium,Medium,Medium
A296,2,2.00,33,2,1,1,2,3,4,4,2,3,4,4,4,4,3,3,3,2,3,2,3,2,3,2,3,3,3,2,3,2,3,4,4,3,4,4,4,4,4,4,4,4,4,4,4,4,4,4,4,12,9,21,17,15,21,53,35,36,71,Medium,Medium,High
A297,2,2.00,30,2,1,1,2,3,4,5,3,3,4,4,4,4,3,1,1,4,4,4,2,2,2,4,2,3,2,2,2,4,2,4,4,4,3,3,3,3,3,3,3,3,3,3,3,3,3,3,3,13,10,23,13,23,16,52,30,27,57,Medium,Medium,Medium
A298,2,2.00,29,2,1,1,2,3,5,4,3,5,4,4,3,3,3,2,3,1,3,3,3,4,4,4,3,3,3,3,3,3,3,3,3,3,3,3,3,3,3,3,3,3,3,3,3,3,3,3,3,12,13,25,14,21,22,57,27,27,54,High,Medium,Medium
A299,2,2.00,32,2,1,1,2,3,5,3,4,4,3,3,3,4,4,3,4,3,2,2,1,3,2,3,1,3,2,2,1,3,1,5,3,4,3,3,5,3,5,5,4,3,3,4,3,4,3,3,3,9,13,22,18,19,10,47,36,30,66,Medium,Medium,Medium
A300,2,1.00,26,1,1,1,2,3,5,3,4,4,4,4,3,4,4,4,4,2,1,3,1,1,1,3,1,1,3,1,1,1,1,5,5,4,5,5,5,4,5,5,2,2,4,4,4,1,4,1,1,11,13,24,19,12,9,40,43,23,66,High,Medium,Medium
A301,2,2.00,34,2,1,1,4,3,5,3,2,2,4,3,3,3,4,2,4,2,2,2,4,4,4,3,1,1,1,1,1,1,1,5,5,5,5,5,5,5,5,5,3,3,3,4,4,3,3,3,3,10,9,19,16,14,14,44,45,29,74,Medium,Medium,High
A302,2,2.00,31,2,2,3,2,3,4,4,4,4,4,4,3,3,3,2,3,3,3,3,2,3,3,3,2,3,2,2,2,3,3,4,4,5,4,4,4,4,4,4,2,2,2,4,4,2,3,2,3,12,12,24,14,20,17,51,37,24,61,High,Medium,Medium
A303,2,2.00,29,2,1,1,2,3,2,4,4,4,4,4,4,4,4,4,4,1,1,1,1,1,1,2,1,2,1,1,1,2,1,5,5,5,5,5,5,5,5,5,4,5,5,4,5,4,2,4,4,12,10,22,20,10,7,37,45,37,82,Medium,Low,High
A304,2,2.00,29,2,1,1,1,2,4,3,3,3,3,3,3,3,3,2,3,3,3,3,4,3,3,2,3,3,3,2,3,2,4,2,3,3,4,4,5,4,4,4,3,3,3,4,4,2,2,2,2,9,10,19,14,18,23,55,33,25,58,Medium,Medium,Medium
A305,2,2.00,30,2,1,1,2,3,4,3,3,3,4,4,4,4,2,2,2,3,3,3,1,3,1,3,2,2,2,1,1,2,1,5,5,5,5,5,5,5,5,5,4,4,4,4,4,4,4,4,4,11,10,21,14,17,11,42,45,36,81,Medium,Medium,High
A306,2,2.00,29,2,1,1,3,3,4,3,2,3,3,3,3,3,3,2,3,3,2,3,2,3,2,3,2,3,2,2,2,3,2,4,3,3,3,3,3,3,3,3,3,3,3,3,3,3,3,3,3,9,9,18,14,20,14,48,28,27,55,Medium,Medium,Medium
A307,1,2.00,28,2,1,1,2,3,5,2,4,4,3,3,4,4,4,2,2,1,4,3,4,4,3,1,4,3,3,3,3,2,3,3,5,5,5,5,3,3,1,1,1,1,1,5,5,1,1,1,1,8,13,21,16,17,24,57,31,17,48,Medium,Medium,Medium
A308,1,2.00,32,1,1,1,2,4,5,4,2,3,4,3,3,3,3,3,3,3,3,3,3,2,3,2,3,3,3,3,3,3,2,4,4,5,5,4,4,4,4,4,4,4,3,3,4,4,4,3,3,11,10,21,15,19,20,54,38,32,70,Medium,Medium,High
A309,2,1.00,27,2,1,1,2,3,5,3,5,5,3,3,4,3,3,2,2,3,2,3,2,3,1,3,2,2,2,2,2,4,3,4,4,3,4,4,3,3,3,4,4,4,2,4,4,4,4,4,5,9,15,24,14,20,14,48,32,35,67,High,Medium,Medium
A310,1,2.00,29,2,1,1,2,3,4,4,3,4,4,3,3,3,3,2,3,3,3,3,3,3,3,1,3,3,3,2,3,2,3,3,3,4,4,4,1,3,3,3,3,3,4,4,3,3,3,3,3,11,11,22,14,17,21,52,28,29,57,Medium,Medium,Medium
A311,2,2.00,28,2,1,1,2,4,4,3,3,3,3,3,4,4,1,2,2,3,3,3,1,1,1,1,1,1,2,2,2,2,1,5,4,4,4,4,5,3,3,3,1,1,1,4,4,3,3,1,2,9,10,19,13,13,11,37,35,20,55,Medium,Low,Medium
A312,2,2.00,28,2,1,1,2,3,4,3,3,4,3,3,3,3,3,2,4,3,3,3,4,2,3,2,3,4,3,4,3,3,4,3,3,3,3,3,3,3,3,3,2,2,2,2,3,3,3,3,3,9,11,20,15,21,23,59,27,23,50,Medium,High,Medium
A313,1,2.00,29,2,1,1,3,3,2,4,2,4,4,4,3,3,2,3,3,3,1,1,1,1,1,2,2,2,1,1,3,2,2,3,3,3,3,3,3,3,3,3,4,4,4,4,1,1,2,3,3,12,8,20,14,12,11,37,27,26,53,Medium,Low,Medium
A314,1,2.00,28,2,1,1,2,3,2,4,2,4,4,4,4,4,1,1,1,4,3,3,3,3,4,3,3,3,4,3,3,4,4,4,3,4,4,5,4,3,3,3,3,4,4,4,4,3,4,3,4,12,8,20,11,23,24,58,33,33,66,Medium,Medium,Medium
A315,2,1.00,27,2,1,1,2,3,4,4,4,4,4,4,4,4,3,3,3,3,1,2,3,3,3,2,3,2,2,3,3,2,3,4,4,4,4,4,3,4,3,3,2,2,2,5,5,2,2,2,2,12,12,24,17,17,18,52,33,24,57,High,Medium,Medium
A316,2,2.00,30,2,1,1,3,3,4,5,4,5,4,4,3,3,4,3,3,3,2,3,2,2,2,4,1,3,2,3,3,3,2,4,3,4,4,3,4,4,4,4,3,3,3,4,4,3,3,3,3,13,13,26,16,21,14,51,34,29,63,High,Medium,Medium
A317,2,2.00,38,2,3,4,2,4,3,4,4,4,4,4,3,3,3,3,3,3,3,3,3,3,3,3,3,2,2,2,3,3,2,3,4,4,4,4,4,4,4,4,1,4,3,4,4,3,2,3,3,12,11,23,15,19,19,53,35,27,62,Medium,Medium,Medium
A318,2,2.00,29,2,1,1,2,3,4,4,2,4,2,3,3,3,4,2,4,2,2,2,1,1,1,2,3,3,3,1,2,1,1,3,2,5,2,2,4,3,3,3,3,3,3,3,3,3,3,5,5,9,10,19,16,12,13,41,27,31,58,Medium,Medium,Medium
A319,2,2.00,33,1,1,1,2,3,3,4,4,4,4,2,3,3,2,2,2,3,1,3,2,3,1,3,1,1,1,1,1,3,1,5,5,4,5,5,5,5,5,5,2,2,2,4,4,1,2,1,1,10,11,21,12,17,8,37,44,19,63,Medium,Low,Medium
A320,1,2.00,36,1,1,1,2,3,2,4,2,2,4,4,4,4,2,1,2,3,4,3,3,4,3,4,3,4,3,4,3,4,4,5,4,4,3,4,3,4,3,3,4,3,4,3,3,4,4,3,4,12,6,18,13,26,23,62,33,32,65,Medium,High,Medium
A321,2,2.00,33,2,1,1,2,4,5,5,5,5,5,5,4,4,4,2,3,3,1,4,1,2,1,4,1,1,1,1,1,3,1,4,2,4,4,4,5,5,5,5,2,2,3,4,4,2,3,1,1,15,15,30,17,18,7,42,38,22,60,High,Medium,Medium
A322,2,2.00,30,2,1,1,2,3,4,3,3,4,3,3,3,2,3,2,3,3,2,2,2,2,2,3,2,2,2,2,2,3,2,4,3,4,4,4,5,4,5,5,2,5,2,4,4,2,2,2,5,9,11,20,13,17,14,44,38,28,66,Medium,Medium,Medium
A323,2,2.00,31,2,1,1,2,3,4,4,4,4,4,4,3,3,3,2,3,2,2,3,2,2,2,3,3,3,3,3,3,1,3,3,3,4,4,4,1,4,1,1,3,3,3,3,3,3,3,3,3,12,12,24,14,17,18,49,25,27,52,High,Medium,Medium
A324,2,2.00,32,2,1,1,2,3,4,4,3,4,4,3,3,3,3,3,2,3,1,3,1,4,2,4,1,2,1,1,1,4,1,3,3,4,3,3,2,4,3,3,3,3,3,3,3,3,1,1,1,11,11,22,14,21,8,43,28,21,49,Medium,Medium,Medium
A325,2,2.00,29,2,1,1,2,4,3,4,5,4,4,4,4,4,1,2,4,2,4,2,4,4,4,3,4,4,4,4,4,4,4,1,1,3,4,4,2,4,2,2,2,2,2,2,4,2,2,2,2,12,12,24,15,23,28,66,23,20,43,High,High,Medium
A326,2,2.00,33,2,1,1,2,3,4,3,3,3,4,4,3,3,2,2,2,3,2,2,2,1,1,3,1,1,1,1,1,1,1,5,5,3,5,5,5,5,4,5,5,4,4,5,4,5,4,5,4,11,10,21,12,12,9,33,42,40,82,Medium,Low,High
A327,2,2.00,31,2,1,1,2,3,2,5,2,5,4,5,4,4,3,3,4,2,1,3,1,3,1,2,3,3,1,3,1,3,1,3,3,5,5,5,3,3,3,3,1,1,3,5,5,3,3,3,3,14,9,23,18,19,9,46,33,27,60,Medium,Medium,Medium
A328,2,2.00,31,2,1,1,2,3,4,4,2,5,4,4,4,4,4,3,3,2,1,2,1,3,2,2,2,2,2,2,2,3,3,1,2,3,3,3,5,3,5,4,2,3,3,4,4,1,3,1,1,12,11,23,18,16,13,47,29,22,51,Medium,Medium,Medium
A329,2,2.00,28,2,1,1,2,3,5,5,3,5,5,5,4,3,3,2,3,4,1,3,2,4,2,4,2,3,2,3,1,4,2,4,3,5,3,3,5,4,5,5,2,2,1,5,5,3,1,1,1,15,13,28,15,25,12,52,37,21,58,High,Medium,Medium
A330,1,2.00,30,2,2,2,3,3,3,3,4,4,3,3,3,3,2,2,2,3,3,3,2,3,3,3,2,3,2,2,2,2,2,4,4,4,4,4,4,5,5,4,3,3,3,3,3,3,3,3,3,9,11,20,12,19,16,47,38,27,65,Medium,Medium,Medium
A331,2,2.00,33,2,1,1,2,3,5,5,1,4,4,4,4,4,3,1,1,4,1,3,2,4,3,4,1,3,1,4,1,4,1,5,5,5,4,4,5,5,5,4,4,4,5,4,5,3,2,3,1,13,10,23,13,26,10,49,42,31,73,Medium,Medium,High
A332,2,1.00,26,2,1,1,2,3,4,3,3,3,3,3,3,3,2,2,2,4,1,3,1,2,2,4,1,3,1,3,1,3,1,5,3,4,5,5,5,3,5,5,1,3,3,4,4,1,3,1,1,9,10,19,12,22,8,42,40,21,61,Medium,Medium,Medium
A333,2,2.00,31,2,1,1,2,3,5,4,5,5,1,1,3,3,2,3,3,3,4,3,4,3,3,1,4,3,3,3,3,3,3,5,5,5,5,5,4,4,4,2,1,1,5,5,5,1,4,1,1,6,15,21,14,19,24,57,39,24,63,Medium,Medium,Medium
A334,2,2.00,30,2,1,1,2,3,3,4,2,3,3,3,3,3,4,2,4,2,3,3,2,2,3,2,3,2,3,1,3,1,3,3,3,3,4,4,3,3,2,1,2,2,2,4,3,1,2,1,1,10,8,18,16,13,20,49,26,18,44,Medium,Medium,Medium
A335,1,1.00,27,1,4,2,2,3,1,4,1,4,5,4,4,3,3,2,2,3,3,4,1,3,2,3,3,2,2,2,2,3,2,5,5,4,5,5,4,4,5,5,3,4,4,4,4,3,3,3,3,13,6,19,14,20,15,49,42,31,73,Medium,Medium,High
A336,1,2.00,29,2,1,1,2,3,4,4,2,2,4,3,3,3,2,2,2,4,3,4,3,4,3,3,4,3,3,3,4,3,3,4,4,4,3,3,4,4,5,5,5,4,4,5,4,4,4,5,4,11,8,19,12,24,23,59,36,39,75,Medium,High,High
A337,2,2.00,30,2,1,1,2,4,4,4,4,4,5,4,4,4,4,2,3,3,1,3,1,2,1,3,1,1,1,2,2,3,1,5,4,5,5,5,5,5,5,5,4,4,2,4,5,3,2,4,4,13,12,25,17,17,8,42,44,32,76,High,Medium,High
A338,1,2.00,36,2,1,1,2,4,4,4,4,4,4,4,3,3,3,3,4,4,2,4,2,2,2,4,2,3,2,3,2,4,3,4,4,4,4,4,4,4,4,4,4,4,4,4,4,4,4,4,4,12,12,24,16,24,15,55,36,36,72,High,Medium,High
A339,1,3.00,39,2,1,1,3,3,5,4,5,5,4,4,4,4,3,2,2,1,4,2,4,2,3,1,3,2,3,3,3,2,3,2,2,4,4,4,1,2,2,2,2,2,4,4,3,2,2,1,1,12,15,27,15,13,23,51,23,21,44,High,Medium,Medium
A340,1,3.00,39,2,3,1,4,4,4,3,3,3,3,3,4,4,1,1,3,4,4,4,4,4,4,3,3,4,4,3,4,2,4,3,3,3,3,3,3,3,3,3,4,4,4,4,1,3,3,3,3,9,10,19,13,24,27,64,27,29,56,Medium,High,Medium
A341,1,2.00,30,1,1,1,2,4,4,4,3,4,4,3,3,3,2,2,2,2,3,2,3,2,3,2,3,3,3,3,3,3,3,3,3,4,3,3,3,3,3,3,3,3,3,3,3,3,3,3,3,11,11,22,12,17,21,50,28,27,55,Medium,Medium,Medium
A342,1,2.00,28,2,1,1,2,3,4,2,2,3,2,3,4,3,3,3,3,3,1,2,2,3,2,3,1,4,2,2,2,2,2,2,2,4,2,2,1,2,1,2,4,2,3,3,3,1,2,1,2,7,9,16,16,19,12,47,18,21,39,Medium,Medium,Low
A343,2,2.00,32,2,1,1,2,3,4,4,4,4,4,3,4,4,4,3,4,1,1,1,1,3,1,4,1,2,1,1,1,4,1,3,3,5,4,4,3,3,3,3,1,4,4,4,4,1,4,1,1,11,12,23,19,16,7,42,31,24,55,Medium,Medium,Medium
A344,2,2.00,29,2,1,1,2,3,5,4,3,5,4,4,4,4,4,2,2,3,1,3,1,3,1,4,2,3,1,1,1,3,1,5,5,5,5,5,5,5,5,5,1,1,3,4,4,1,3,1,1,12,13,25,16,20,8,44,45,19,64,High,Medium,Medium
A345,2,1.00,26,2,1,1,2,3,5,4,5,5,4,4,4,4,1,1,1,3,1,2,1,3,3,4,1,3,1,1,1,3,1,1,1,5,5,5,1,5,5,5,3,2,2,5,5,1,1,1,1,12,15,27,11,19,9,39,33,21,54,High,Medium,Medium
A346,2,2.00,30,2,1,1,2,3,5,5,1,1,2,2,1,1,4,1,1,3,2,3,2,4,3,4,1,3,3,3,3,3,2,5,5,5,5,5,5,5,5,5,4,4,4,4,4,4,4,4,4,9,7,16,8,23,16,47,45,36,81,Medium,Medium,High
A347,2,2.00,32,2,1,1,2,3,4,3,2,4,3,4,3,3,3,3,3,2,2,3,2,3,3,3,3,3,3,3,3,3,3,5,4,5,5,5,5,5,5,5,2,2,2,4,4,1,1,1,1,10,10,20,15,20,19,54,44,18,62,Medium,Medium,Medium
